4983102,omega,0.49988537392650073, 0.5001146260734993,phi,0.373434113700103, 0.3895555331016494, 0.2370103531982476,count precision recall f1 iter,0,0.0,0.0,0,17,2016-11-16 21:03:34.128654
11485543,omega,0.5000000764343377, 0.4999999235656622,phi,0.3306980054747804, 0.32870753208207687, 0.3405944624431426,count precision recall f1 iter,1,0.2,0.3333333333333333,0.25,8,2016-11-16 21:03:41.387970
7461370,omega,0.5004616189105872, 0.4995383810894129,phi,0.34294292385648567, 0.3351103953896682, 0.321946680753846,count precision recall f1 iter,1,0.2,0.3333333333333333,0.25,10,2016-11-16 21:04:44.131924
10272014,omega,0.5010778917083994, 0.4989221082916005,phi,0.30912012923833615, 0.3000504874483363, 0.3908293833133276,count precision recall f1 iter,0,0.0,0.0,0,13,2016-11-16 21:06:15.894111
9331037,omega,0.5003387424399613, 0.4996612575600387,phi,0.34070899684036643, 0.33766511235164653, 0.32162589080798704,count precision recall f1 iter,1,0.2,0.16666666666666666,0.1818181818181818,17,2016-11-16 21:07:35.924841
1225527,omega,0.4999935320738263, 0.5000064679261736,phi,0.35959391272996694, 0.36227790795740317, 0.27812817931262984,count precision recall f1 iter,0,0.0,0.0,0,16,2016-11-16 21:09:05.299304
10950133,omega,0.4998666006635855, 0.5001333993364144,phi,0.3298572386215906, 0.32909368078180185, 0.34104908059660755,count precision recall f1 iter,1,0.2,0.16666666666666666,0.1818181818181818,19,2016-11-16 21:09:44.284069
9934456,omega,0.5016773920650217, 0.4983226079349784,phi,0.29586985106410935, 0.28711378106272195, 0.4170163678731687,count precision recall f1 iter,1,0.2,0.25,0.22222222222222224,15,2016-11-16 21:10:16.210532
4590503,omega,0.5010866575189042, 0.49891334248109565,phi,0.30009252865166314, 0.29637575390017007, 0.4035317174481667,count precision recall f1 iter,0,0.0,0.0,0,21,2016-11-16 21:11:57.381272
4484921,omega,0.5001858389799643, 0.4998141610200357,phi,0.323131879716249, 0.3224094378341694, 0.3544586824495815,count precision recall f1 iter,1,0.2,0.14285714285714285,0.16666666666666666,6,2016-11-16 21:12:22.482561
11570239,omega,0.5004346724046937, 0.4995653275953063,phi,0.33853345249820416, 0.33855816153707563, 0.32290838596472027,count precision recall f1 iter,1,0.2,0.16666666666666666,0.1818181818181818,10,2016-11-16 21:13:25.514296
9614136,omega,0.498945698094683, 0.5010543019053169,phi,0.3849956471314573, 0.3912362504322526, 0.22376810243629025,count precision recall f1 iter,1,0.2,0.25,0.22222222222222224,24,2016-11-16 21:15:47.966190
583335,omega,0.5004433049385162, 0.49955669506148376,phi,0.3569392056144056, 0.3609979536358413, 0.2820628407497531,count precision recall f1 iter,1,0.2,0.25,0.22222222222222224,13,2016-11-16 21:17:54.180018
7728513,omega,0.5007739710598698, 0.49922602894013024,phi,0.3389702558066402, 0.3337346781673072, 0.3272950660260525,count precision recall f1 iter,1,0.2,0.25,0.22222222222222224,12,2016-11-16 21:18:39.911199
680590,omega,0.5000511062308817, 0.4999488937691183,phi,0.29830874732856055, 0.29519863020928755, 0.4064926224621519,count precision recall f1 iter,0,0.0,0.0,0,14,2016-11-16 21:19:03.705510
11708130,omega,0.5001608071629454, 0.49983919283705464,phi,0.3346366058389088, 0.3347495110129517, 0.3306138831481394,count precision recall f1 iter,1,0.2,0.3333333333333333,0.25,5,2016-11-16 21:19:28.809306
3894952,omega,0.50083443945546, 0.49916556054454,phi,0.2666318412861943, 0.26298009846435133, 0.4703880602494543,count precision recall f1 iter,0,0.0,0.0,0,9,2016-11-16 21:19:51.239487
11394824,omega,0.5008067337577644, 0.49919326624223553,phi,0.33648451832493637, 0.3423092308490604, 0.3212062508260033,count precision recall f1 iter,0,0.0,0.0,0,22,2016-11-16 21:21:42.985322
21587,omega,0.49957515078941367, 0.5004248492105863,phi,0.3469529572008372, 0.35021118394018447, 0.3028358588589783,count precision recall f1 iter,1,0.2,0.16666666666666666,0.1818181818181818,22,2016-11-16 21:21:57.986236
690695,omega,0.49879029813964876, 0.5012097018603512,phi,0.2732067218120508, 0.28338040447355334, 0.44341287371439586,count precision recall f1 iter,1,0.2,0.3333333333333333,0.25,24,2016-11-16 21:25:33.015881
10389546,omega,0.50079224083402, 0.4992077591659801,phi,0.3357318704351228, 0.33718397673331163, 0.32708415283156556,count precision recall f1 iter,1,0.2,0.16666666666666666,0.1818181818181818,12,2016-11-16 21:25:58.495175
589031,omega,0.5001621499619394, 0.4998378500380605,phi,0.3887938276661006, 0.37891482284904576, 0.23229134948485367,count precision recall f1 iter,1,0.2,0.2,0.20000000000000004,22,2016-11-16 21:26:07.329181
1495443,omega,0.5000225803431827, 0.4999774196568174,phi,0.33227277645415715, 0.33168886833427835, 0.33603835521156455,count precision recall f1 iter,2,0.4,0.3333333333333333,0.3636363636363636,7,2016-11-16 21:26:07.455016
10582584,omega,0.4999187711526079, 0.500081228847392,phi,0.3349277435662282, 0.3490068135731651, 0.31606544286060684,count precision recall f1 iter,1,0.2,0.14285714285714285,0.16666666666666666,18,2016-11-16 21:26:27.403093
3611227,omega,0.5003908902427084, 0.4996091097572916,phi,0.3289266510912756, 0.32769088008679514, 0.34338246882192924,count precision recall f1 iter,1,0.2,0.3333333333333333,0.25,7,2016-11-16 21:27:10.579977
677475,omega,0.5004171452512003, 0.49958285474879977,phi,0.3427853580713567, 0.3440109314445366, 0.3132037104841067,count precision recall f1 iter,0,0.0,0.0,0,18,2016-11-16 21:27:42.815749
10178588,omega,0.5004741028121941, 0.499525897187806,phi,0.3322443344966269, 0.3300908990572225, 0.3376647664461506,count precision recall f1 iter,0,0.0,0.0,0,12,2016-11-16 21:30:37.078923
704848,omega,0.5002403754495636, 0.4997596245504365,phi,0.33924798717020166, 0.3360273173312964, 0.32472469549850186,count precision recall f1 iter,1,0.2,0.14285714285714285,0.16666666666666666,17,2016-11-16 21:31:36.425334
334718,omega,0.5005163996609381, 0.4994836003390619,phi,0.34776702615505106, 0.34712396480852703, 0.30510900903642185,count precision recall f1 iter,1,0.2,0.16666666666666666,0.1818181818181818,14,2016-11-16 21:32:28.794687
10460577,omega,0.5006197656950951, 0.4993802343049049,phi,0.317217180721379, 0.32941467050563167, 0.35336814877298933,count precision recall f1 iter,0,0.0,0.0,0,23,2016-11-16 21:32:53.955133
10023569,omega,0.5000734346092719, 0.4999265653907281,phi,0.3314585217404837, 0.3308758404417657, 0.33766563781775066,count precision recall f1 iter,0,0.0,0.0,0,5,2016-11-16 21:33:00.929693
13059029,omega,0.5004531258919283, 0.4995468741080717,phi,0.33506969646426266, 0.33688888853293575, 0.32804141500280165,count precision recall f1 iter,1,0.2,0.16666666666666666,0.1818181818181818,17,2016-11-16 21:33:36.393552
696215,omega,0.4999771445499363, 0.5000228554500636,phi,0.33907416853196104, 0.3381760155913759, 0.3227498158766632,count precision recall f1 iter,0,0.0,0.0,0,18,2016-11-16 21:33:45.491259
825446,omega,0.5000105977946087, 0.4999894022053913,phi,0.33327035849755576, 0.3343559010489672, 0.332373740453477,count precision recall f1 iter,1,0.2,0.1111111111111111,0.14285714285714285,22,2016-11-16 21:34:06.226932
3766621,omega,0.49985205216123657, 0.5001479478387635,phi,0.30431684756572164, 0.30317397156307113, 0.39250918087120723,count precision recall f1 iter,1,0.2,0.2,0.20000000000000004,17,2016-11-16 21:35:17.357199
13064160,omega,0.5010059997375292, 0.4989940002624708,phi,0.32591104449413966, 0.3222712552097885, 0.3518177002960718,count precision recall f1 iter,0,0.0,0.0,0,10,2016-11-16 21:39:23.702221
13061804,omega,0.5004890014889977, 0.49951099851100245,phi,0.3153142558201132, 0.3170746951509887, 0.3676110490288982,count precision recall f1 iter,1,0.2,0.25,0.22222222222222224,14,2016-11-16 21:40:13.545234
310161,omega,0.5009426258059135, 0.49905737419408647,phi,0.4576196561648107, 0.45949238823918603, 0.08288795559600315,count precision recall f1 iter,0,0.0,0.0,0,13,2016-11-16 21:42:00.009014
10844303,omega,0.5001612023480202, 0.4998387976519799,phi,0.336912884283794, 0.3355814703254517, 0.3275056453907544,count precision recall f1 iter,1,0.2,0.5,0.28571428571428575,23,2016-11-16 21:42:23.537118
9940239,omega,0.5002973702450434, 0.4997026297549566,phi,0.3788485234179422, 0.38775521029783494, 0.23339626628422294,count precision recall f1 iter,1,0.2,0.14285714285714285,0.16666666666666666,12,2016-11-16 21:44:11.555530
3598588,omega,0.5003256380406613, 0.4996743619593387,phi,0.3359785741553505, 0.3359700257209514, 0.3280514001236982,count precision recall f1 iter,0,0.0,0.0,0,18,2016-11-16 21:44:26.873287
4644622,omega,0.5009299288082641, 0.49907007119173574,phi,0.3397329975534631, 0.3390478274941692, 0.3212191749523676,count precision recall f1 iter,1,0.2,0.07142857142857142,0.10526315789473682,12,2016-11-16 21:45:30.378768
62825,omega,0.5005948002360092, 0.4994051997639907,phi,0.3057879740029271, 0.31058493575714563, 0.38362709023992725,count precision recall f1 iter,1,0.2,0.3333333333333333,0.25,14,2016-11-16 21:47:57.834126
54303,omega,0.4983877798074782, 0.5016122201925218,phi,0.31549642865889826, 0.3135907612432943, 0.3709128100978074,count precision recall f1 iter,0,0.0,0.0,0,22,2016-11-16 21:51:07.993601
9629719,omega,0.5003410631173765, 0.4996589368826237,phi,0.3221047621708856, 0.32028846823056384, 0.3576067695985506,count precision recall f1 iter,0,0.0,0.0,0,8,2016-11-16 21:51:26.932493
4530378,omega,0.5007283695202633, 0.4992716304797366,phi,0.3406727378040016, 0.33496482123810345, 0.32436244095789496,count precision recall f1 iter,0,0.0,0.0,0,13,2016-11-16 21:51:47.323249
494956,omega,0.5010079817906592, 0.49899201820934097,phi,0.3791718627997113, 0.37983427212530213, 0.24099386507498669,count precision recall f1 iter,0,0.0,0.0,0,13,2016-11-16 21:53:23.366809
13064730,omega,0.5002115165720079, 0.49978848342799204,phi,0.3523259342246322, 0.340086443953202, 0.30758762182216576,count precision recall f1 iter,1,0.2,0.5,0.28571428571428575,11,2016-11-16 21:53:42.509243
10464296,omega,0.5005034649651291, 0.499496535034871,phi,0.3273405536427137, 0.32358627463541634, 0.34907317172187,count precision recall f1 iter,0,0.0,0.0,0,7,2016-11-16 21:54:32.764462
280273,omega,0.5, 0.5,phi,0.3288106292354406, 0.3287609165053005, 0.34242845425925894,count precision recall f1 iter,2,1.0,0.5,0.6666666666666666,1,2016-11-16 21:54:32.782510
1168781,omega,0.5010776530756148, 0.49892234692438514,phi,0.3776598896872535, 0.38090464856903944, 0.2414354617437071,count precision recall f1 iter,0,0.0,0.0,0,10,2016-11-16 21:56:55.999606
3884003,omega,0.5003991392624381, 0.49960086073756205,phi,0.33680136609307065, 0.33588183230431173, 0.3273168016026175,count precision recall f1 iter,0,0.0,0.0,0,9,2016-11-16 21:57:59.311564
10524156,omega,0.4999406127872026, 0.5000593872127973,phi,0.32531540555041133, 0.33386816198020414, 0.3408164324693846,count precision recall f1 iter,1,0.2,0.2,0.20000000000000004,16,2016-11-16 21:58:10.977104
11034828,omega,0.5023361678293384, 0.4976638321706617,phi,0.3027559495393728, 0.2981951957568342, 0.3990488547037931,count precision recall f1 iter,1,0.2,0.25,0.22222222222222224,18,2016-11-16 21:58:14.709535
9900214,omega,0.5003296026859305, 0.4996703973140694,phi,0.3331522367476102, 0.3366948125111659, 0.3301529507412239,count precision recall f1 iter,1,0.2,0.16666666666666666,0.1818181818181818,14,2016-11-16 21:59:10.330530
10795381,omega,0.5001686610438062, 0.49983133895619375,phi,0.3418000073592176, 0.34293758365892, 0.31526240898186236,count precision recall f1 iter,1,0.2,0.25,0.22222222222222224,6,2016-11-16 21:59:42.505641
1194809,omega,0.5002419987043016, 0.49975800129569836,phi,0.3239711333460087, 0.3208590268876703, 0.35516983976632105,count precision recall f1 iter,1,0.2,0.16666666666666666,0.1818181818181818,16,2016-11-16 22:00:23.503228
611826,omega,0.4990313529322099, 0.5009686470677901,phi,0.3419478606730385, 0.3358699353713215, 0.32218220395564,count precision recall f1 iter,0,0.0,0.0,0,22,2016-11-16 22:01:15.180733
13778833,omega,0.5000222200617271, 0.4999777799382728,phi,0.33970540691153633, 0.34038153584317954, 0.3199130572452841,count precision recall f1 iter,0,0.0,0.0,0,12,2016-11-16 22:02:21.814029
10599039,omega,0.5000939302832004, 0.49990606971679963,phi,0.34412821596528914, 0.33985692467015405, 0.3160148593645568,count precision recall f1 iter,1,0.2,0.3333333333333333,0.25,12,2016-11-16 22:04:24.182634
4499757,omega,0.5, 0.5,phi,0.33334574893202495, 0.3333206136393926, 0.3333336374285825,count precision recall f1 iter,0,0.0,0.0,0,1,2016-11-16 22:04:26.821656
506497,omega,0.5006510250519687, 0.4993489749480313,phi,0.26233058790841984, 0.26100412618252483, 0.4766652859090553,count precision recall f1 iter,0,0.0,0.0,0,12,2016-11-16 22:05:02.589326
3606160,omega,0.5008121983127867, 0.49918780168721344,phi,0.3309732565652567, 0.33091520047832446, 0.33811154295641893,count precision recall f1 iter,1,0.2,0.2,0.20000000000000004,18,2016-11-16 22:09:28.423660
11227602,omega,0.5006235895549962, 0.49937641044500375,phi,0.34203251747037344, 0.3421839753164411, 0.31578350721318543,count precision recall f1 iter,1,0.2,0.2,0.20000000000000004,14,2016-11-16 22:10:07.280552
399111,omega,0.5002204732802092, 0.49977952671979065,phi,0.2932946279774605, 0.29113665705771696, 0.41556871496482256,count precision recall f1 iter,2,0.4,0.18181818181818182,0.25000000000000006,10,2016-11-16 22:10:27.263725
4411833,omega,0.5004295379553915, 0.4995704620446086,phi,0.3381987611726187, 0.33669787995031375, 0.3251033588770675,count precision recall f1 iter,1,0.2,0.1111111111111111,0.14285714285714285,18,2016-11-16 22:10:53.014742
13505677,omega,0.5005285833616369, 0.49947141663836314,phi,0.36088741915951766, 0.3524194749515562, 0.286693105888926,count precision recall f1 iter,1,0.2,0.2,0.20000000000000004,21,2016-11-16 22:11:00.377834
9324907,omega,0.5006708165754578, 0.4993291834245422,phi,0.33390142795790057, 0.33283508125595906, 0.3332634907861404,count precision recall f1 iter,1,0.2,0.2,0.20000000000000004,17,2016-11-16 22:11:53.330231
300908,omega,0.5000140152222284, 0.4999859847777715,phi,0.31501157459289686, 0.3117123677812275, 0.3732760576258756,count precision recall f1 iter,2,0.4,0.2,0.26666666666666666,7,2016-11-16 22:11:53.399916
13530223,omega,0.5002773430639824, 0.4997226569360176,phi,0.3363921224853631, 0.33618804591774837, 0.3274198315968885,count precision recall f1 iter,2,0.4,0.25,0.3076923076923077,19,2016-11-16 22:12:48.531108
4620314,omega,0.5000864417552131, 0.4999135582447869,phi,0.30887669346035024, 0.3052852343713249, 0.38583807216832483,count precision recall f1 iter,0,0.0,0.0,0,12,2016-11-16 22:13:26.763836
9919962,omega,0.5002427559192446, 0.49975724408075534,phi,0.34364981887930257, 0.3446938380260629, 0.3116563430946346,count precision recall f1 iter,0,0.0,0.0,0,18,2016-11-16 22:14:07.355341
3781026,omega,0.5005928924165721, 0.49940710758342777,phi,0.33829615267001695, 0.33500830376266777, 0.3266955435673153,count precision recall f1 iter,0,0.0,0.0,0,12,2016-11-16 22:14:48.036083
70733,omega,0.5000574984658689, 0.4999425015341311,phi,0.3386866464000819, 0.33556522021670915, 0.32574813338320896,count precision recall f1 iter,0,0.0,0.0,0,9,2016-11-16 22:14:48.120307
5208196,omega,0.5010030968861678, 0.49899690311383227,phi,0.33075508533485737, 0.32525459052166444, 0.3439903241434782,count precision recall f1 iter,1,0.2,0.3333333333333333,0.25,15,2016-11-16 22:15:35.262754
1021018,omega,0.5004917530485125, 0.4995082469514876,phi,0.31094685027618585, 0.3110017436417101, 0.3780514060821039,count precision recall f1 iter,1,0.2,0.5,0.28571428571428575,10,2016-11-16 22:16:01.999895
13061707,omega,0.5006241825050338, 0.4993758174949662,phi,0.32678137842486654, 0.3239550384457448, 0.34926358312938866,count precision recall f1 iter,1,0.2,0.3333333333333333,0.25,12,2016-11-16 22:16:31.482351
4339859,omega,0.49983475539280087, 0.5001652446071991,phi,0.32016233103060215, 0.3314883758872932, 0.3483492930821047,count precision recall f1 iter,0,0.0,0.0,0,21,2016-11-16 22:16:36.319220
4606619,omega,0.5004197193927972, 0.4995802806072027,phi,0.33740691180783183, 0.3342991911221473, 0.3282938970700207,count precision recall f1 iter,1,0.2,0.25,0.22222222222222224,10,2016-11-16 22:16:47.205687
9899579,omega,0.49960792066352344, 0.5003920793364766,phi,0.3415000553171012, 0.3437357442691093, 0.3147642004137894,count precision recall f1 iter,0,0.0,0.0,0,19,2016-11-16 22:18:47.206489
254899,omega,0.5005222828582473, 0.4994777171417528,phi,0.2955601933138025, 0.29344687013769566, 0.4109929365485018,count precision recall f1 iter,0,0.0,0.0,0,13,2016-11-16 22:20:23.542858
69736,omega,0.5000002978816798, 0.4999997021183202,phi,0.4815586945939801, 0.48386972059910954, 0.03457158480691048,count precision recall f1 iter,1,0.2,0.16666666666666666,0.1818181818181818,6,2016-11-16 22:21:44.928907
9096332,omega,0.5010067603594166, 0.4989932396405833,phi,0.26593582893564754, 0.2602728686225876, 0.4737913024417648,count precision recall f1 iter,0,0.0,0.0,0,16,2016-11-16 22:22:14.239395
9228586,omega,0.5004908639948101, 0.49950913600518987,phi,0.33609545019182435, 0.3328113609981235, 0.33109318881005223,count precision recall f1 iter,1,0.2,0.2,0.20000000000000004,22,2016-11-16 22:24:12.452434
13061595,omega,0.5003923091794372, 0.4996076908205628,phi,0.34188156199552233, 0.3317595628285478, 0.32635887517592993,count precision recall f1 iter,0,0.0,0.0,0,17,2016-11-16 22:24:25.616961
4478865,omega,0.500067972956033, 0.49993202704396705,phi,0.3379192612689094, 0.33235901166409504, 0.32972172706699554,count precision recall f1 iter,0,0.0,0.0,0,20,2016-11-16 22:25:06.733885
650974,omega,0.5005883918004151, 0.49941160819958486,phi,0.34320085867343797, 0.33962800487354183, 0.3171711364530203,count precision recall f1 iter,0,0.0,0.0,0,15,2016-11-16 22:26:17.231973
10525233,omega,0.500406718812586, 0.4995932811874139,phi,0.3335204838887025, 0.3339812803287909, 0.3324982357825067,count precision recall f1 iter,0,0.0,0.0,0,12,2016-11-16 22:26:34.773164
341457,omega,0.500226068823891, 0.499773931176109,phi,0.3366879959966611, 0.3305495519820085, 0.33276245202133037,count precision recall f1 iter,1,0.2,0.16666666666666666,0.1818181818181818,11,2016-11-16 22:26:42.620045
4335483,omega,0.5003089237895223, 0.4996910762104778,phi,0.33715000030420916, 0.33409218639104366, 0.32875781330474735,count precision recall f1 iter,1,0.2,0.3333333333333333,0.25,8,2016-11-16 22:26:48.607476
886716,omega,0.5010636943206708, 0.4989363056793292,phi,0.3307772808574811, 0.33045321995776106, 0.33876949918475774,count precision recall f1 iter,1,0.2,0.2,0.20000000000000004,14,2016-11-16 22:28:01.299398
1084549,omega,0.5002113364732603, 0.49978866352673973,phi,0.48248811260065877, 0.48591222854852323, 0.03159965885081807,count precision recall f1 iter,0,0.0,0.0,0,11,2016-11-16 22:28:53.607077
10814222,omega,0.5001423045448835, 0.4998576954551166,phi,0.33279853536293585, 0.3320901334224641, 0.3351113312146001,count precision recall f1 iter,1,0.2,0.5,0.28571428571428575,7,2016-11-16 22:29:06.624264
54487,omega,0.5000178077308041, 0.4999821922691958,phi,0.33862416955074487, 0.33830608871274576, 0.32306974173650943,count precision recall f1 iter,0,0.0,0.0,0,3,2016-11-16 22:29:10.688578
9098176,omega,0.5010375590289137, 0.49896244097108633,phi,0.34105371626658626, 0.3342879228743297, 0.32465836085908406,count precision recall f1 iter,1,0.2,0.3333333333333333,0.25,23,2016-11-16 22:29:54.420439
1029161,omega,0.5, 0.5,phi,0.3340727021025816, 0.33401843276176696, 0.33190886513565143,count precision recall f1 iter,0,0.0,0.0,0,1,2016-11-16 22:30:03.653506
4221270,omega,0.5002042744926288, 0.4997957255073711,phi,0.3926899617768721, 0.39269272273471395, 0.21461731548841392,count precision recall f1 iter,0,0.0,0.0,0,7,2016-11-16 22:30:17.265223
6746528,omega,0.5002060766888007, 0.49979392331119943,phi,0.3008300221395262, 0.29861550461726283, 0.400554473243211,count precision recall f1 iter,0,0.0,0.0,0,7,2016-11-16 22:30:34.415356
598819,omega,0.5008929225078974, 0.4991070774921025,phi,0.33977748145144604, 0.33054859029337913, 0.3296739282551749,count precision recall f1 iter,0,0.0,0.0,0,17,2016-11-16 22:31:00.942945
259993,omega,0.49996407508937185, 0.5000359249106282,phi,0.3263715545655654, 0.31658675381939366, 0.35704169161504096,count precision recall f1 iter,0,0.0,0.0,0,14,2016-11-16 22:31:50.458194
9947418,omega,0.5000924483661754, 0.49990755163382466,phi,0.33646994087437615, 0.33533034031587744, 0.32819971880974635,count precision recall f1 iter,1,0.2,0.25,0.22222222222222224,8,2016-11-16 22:32:03.901964
3951262,omega,0.4993500275591397, 0.5006499724408603,phi,0.3168122141459708, 0.3057182164656682, 0.37746956938836096,count precision recall f1 iter,2,0.4,0.5,0.4444444444444445,26,2016-11-16 22:32:32.473989
9605532,omega,0.500491952499398, 0.4995080475006019,phi,0.3577527702348037, 0.359463679842401, 0.2827835499227955,count precision recall f1 iter,1,0.2,0.2,0.20000000000000004,18,2016-11-16 22:33:15.623800
9415986,omega,0.5001548480135396, 0.4998451519864605,phi,0.33663032686471855, 0.3370145672231095, 0.3263551059121719,count precision recall f1 iter,2,0.4,0.2857142857142857,0.3333333333333333,15,2016-11-16 22:35:40.272685
9392629,omega,0.5001224304917432, 0.4998775695082568,phi,0.3405771454828381, 0.34011594174990284, 0.3193069127672592,count precision recall f1 iter,1,0.2,0.2,0.20000000000000004,22,2016-11-16 22:36:08.991603
1833006,omega,0.5009287129230571, 0.499071287076943,phi,0.37699056184645596, 0.36831553765405367, 0.2546939004994903,count precision recall f1 iter,0,0.0,0.0,0,11,2016-11-16 22:37:48.566054
4281337,omega,0.49993111996625245, 0.5000688800337476,phi,0.33842395572435485, 0.33401297647048783, 0.32756306780515715,count precision recall f1 iter,1,0.2,0.16666666666666666,0.1818181818181818,12,2016-11-16 22:38:49.313188
4382315,omega,0.5002958799789949, 0.4997041200210049,phi,0.3520604452622138, 0.3742016459748126, 0.2737379087629737,count precision recall f1 iter,0,0.0,0.0,0,21,2016-11-16 22:39:03.911531
11639816,omega,0.5017549662492863, 0.49824503375071366,phi,0.3498946247450112, 0.33775450652938666, 0.3123508687256021,count precision recall f1 iter,1,0.2,0.1111111111111111,0.14285714285714285,15,2016-11-16 22:39:50.996314
375779,omega,0.5003942882014912, 0.49960571179850877,phi,0.3595373070991432, 0.35830397495642896, 0.2821587179444278,count precision recall f1 iter,0,0.0,0.0,0,15,2016-11-16 22:40:35.401966
11638887,omega,0.500618076578624, 0.499381923421376,phi,0.33271286834221453, 0.319810028977114, 0.3474771026806714,count precision recall f1 iter,1,0.2,0.25,0.22222222222222224,14,2016-11-16 22:41:16.808640
4400590,omega,0.5000039094802273, 0.4999960905197728,phi,0.3352272622522779, 0.33431669486560556, 0.3304560428821166,count precision recall f1 iter,1,0.3333333333333333,0.2,0.25,6,2016-11-16 22:41:16.867296
9638439,omega,0.5002383273837065, 0.4997616726162935,phi,0.3392948167759332, 0.3402225830894933, 0.3204826001345734,count precision recall f1 iter,0,0.0,0.0,0,19,2016-11-16 22:41:41.371997
4358470,omega,0.5000982423760899, 0.49990175762391004,phi,0.3435730273916016, 0.3379610926313243, 0.31846587997707404,count precision recall f1 iter,2,0.4,0.5,0.4444444444444445,20,2016-11-16 22:41:43.876161
4295146,omega,0.5001862267351052, 0.49981377326489485,phi,0.3335354810550542, 0.3329858401729788, 0.3334786787719669,count precision recall f1 iter,3,0.6,0.5,0.5454545454545454,6,2016-11-16 22:41:54.339000
178204,omega,0.5006622130486692, 0.4993377869513309,phi,0.36885915470973457, 0.369844664358906, 0.2612961809313595,count precision recall f1 iter,1,0.2,0.2,0.20000000000000004,15,2016-11-16 22:42:46.995107
4311242,omega,0.5010835775706779, 0.498916422429322,phi,0.3448141753394984, 0.3369188023947116, 0.31826702226579,count precision recall f1 iter,1,0.2,0.25,0.22222222222222224,26,2016-11-16 22:43:01.507721
10071923,omega,0.5012324253190353, 0.49876757468096455,phi,0.32237590394472865, 0.3202133664592989, 0.35741072959597237,count precision recall f1 iter,2,0.4,0.5,0.4444444444444445,12,2016-11-16 22:44:23.160491
37588,omega,0.5001803727367852, 0.4998196272632149,phi,0.04722463934910538, 0.041110155270738816, 0.9116652053801557,count precision recall f1 iter,0,0.0,0.0,0,18,2016-11-16 22:44:23.216139
13064442,omega,0.5002531138316288, 0.49974688616837115,phi,0.3328653673028088, 0.3277054107175739, 0.3394292219796173,count precision recall f1 iter,1,0.2,0.16666666666666666,0.1818181818181818,8,2016-11-16 22:44:32.821196
91574,omega,0.5001345807996056, 0.4998654192003944,phi,0.4511849328938111, 0.4474116291853673, 0.10140343792082167,count precision recall f1 iter,1,0.2,0.125,0.15384615384615385,17,2016-11-16 22:44:59.052491
11782911,omega,0.5002511620411123, 0.49974883795888786,phi,0.3374087104529307, 0.336946813344492, 0.32564447620257736,count precision recall f1 iter,0,0.0,0.0,0,13,2016-11-16 22:47:12.207286
3713227,omega,0.5003010216908615, 0.4996989783091384,phi,0.3334385552794121, 0.3423627831274912, 0.3241986615930966,count precision recall f1 iter,0,0.0,0.0,0,19,2016-11-16 22:48:00.706833
9450256,omega,0.49986030773231627, 0.5001396922676836,phi,0.2352483822477888, 0.233326621470625, 0.5314249962815861,count precision recall f1 iter,2,0.4,0.5,0.4444444444444445,16,2016-11-16 22:48:20.525064
5935869,omega,0.5001840569311345, 0.49981594306886556,phi,0.2935264818809092, 0.2930079436143102, 0.4134655745047806,count precision recall f1 iter,1,0.2,0.25,0.22222222222222224,10,2016-11-16 22:48:42.291480
11052867,omega,0.5003181111542578, 0.49968188884574216,phi,0.33747292029397813, 0.33737324793012435, 0.3251538317758975,count precision recall f1 iter,0,0.0,0.0,0,6,2016-11-16 22:49:11.815035
3763098,omega,0.5004029692805104, 0.49959703071948947,phi,0.3464091814487109, 0.3453880146026314, 0.3082028039486577,count precision recall f1 iter,1,0.2,0.2,0.20000000000000004,13,2016-11-16 22:50:39.351450
3604050,omega,0.5004366044745523, 0.49956339552544776,phi,0.3666679025395029, 0.369841847147066, 0.26349025031343115,count precision recall f1 iter,1,0.2,0.25,0.22222222222222224,16,2016-11-16 22:50:50.566290
1244480,omega,0.5001544087782357, 0.4998455912217643,phi,0.0847831680142939, 0.0772990295541243, 0.8379178024315818,count precision recall f1 iter,2,0.4,0.25,0.3076923076923077,22,2016-11-16 22:50:50.937277
4610235,omega,0.5005353783809234, 0.49946462161907673,phi,0.33291443715904623, 0.3306348747396527, 0.336450688101301,count precision recall f1 iter,0,0.0,0.0,0,10,2016-11-16 22:51:06.507205
72036,omega,0.5005852421951965, 0.4994147578048034,phi,0.47337650831223677, 0.4737202800550696, 0.05290321163269361,count precision recall f1 iter,1,0.2,0.25,0.22222222222222224,8,2016-11-16 22:51:31.707257
14316716,omega,0.5000998605130464, 0.4999001394869536,phi,0.33466888960607966, 0.3346154354668443, 0.33071567492707615,count precision recall f1 iter,0,0.0,0.0,0,12,2016-11-16 22:53:50.416335
204586,omega,0.5009235656351558, 0.4990764343648442,phi,0.49688256619782506, 0.5005791114126779, 0.002538322389497117,count precision recall f1 iter,0,0.0,0.0,0,16,2016-11-16 22:53:59.678480
554346,omega,0.5003966156569861, 0.499603384343014,phi,0.24908061605562265, 0.25068096574223175, 0.5002384182021457,count precision recall f1 iter,1,0.2,0.14285714285714285,0.16666666666666666,16,2016-11-16 22:54:17.921520
13060588,omega,0.5002786494149953, 0.4997213505850046,phi,0.3333424888148788, 0.3423637261918961, 0.3242937849932251,count precision recall f1 iter,0,0.0,0.0,0,20,2016-11-16 22:54:41.818104
10565631,omega,0.49978185824053334, 0.5002181417594667,phi,0.35363865524880916, 0.35355285785678625, 0.2928084868944046,count precision recall f1 iter,1,0.2,0.25,0.22222222222222224,23,2016-11-16 22:56:11.679705
9589313,omega,0.5004924984326808, 0.49950750156731905,phi,0.2724335289278293, 0.2748505667478515, 0.45271590432431913,count precision recall f1 iter,0,0.0,0.0,0,15,2016-11-16 22:57:38.821570
4266814,omega,0.4994740330342587, 0.5005259669657413,phi,0.3381539714687565, 0.3331030924211727, 0.3287429361100708,count precision recall f1 iter,1,0.2,0.25,0.22222222222222224,24,2016-11-16 22:58:05.589794
634472,omega,0.5002305419970046, 0.4997694580029954,phi,0.33381421898352087, 0.33531475641842123, 0.33087102459805795,count precision recall f1 iter,1,0.2,0.25,0.22222222222222224,13,2016-11-16 22:58:07.191556
4358143,omega,0.5003815150251327, 0.49961848497486716,phi,0.3362933617589838, 0.33218220563635037, 0.33152443260466596,count precision recall f1 iter,0,0.0,0.0,0,12,2016-11-16 22:58:10.084253
4343151,omega,0.49996642653914536, 0.5000335734608545,phi,0.3267109608385855, 0.3296406841705917, 0.3436483549908228,count precision recall f1 iter,1,0.2,0.3333333333333333,0.25,17,2016-11-16 22:58:19.788072
13534577,omega,0.4999472687947027, 0.5000527312052973,phi,0.333420240795383, 0.3335094755364052, 0.33307028366821184,count precision recall f1 iter,1,0.2,0.25,0.22222222222222224,16,2016-11-16 22:58:48.688971
6713423,omega,0.5001234404743092, 0.4998765595256909,phi,0.33364515566338865, 0.333238541143446, 0.3331163031931653,count precision recall f1 iter,1,0.2,0.25,0.22222222222222224,15,2016-11-16 22:59:41.753163
10901561,omega,0.5005325588747591, 0.499467441125241,phi,0.3337533846155219, 0.33635411984341906, 0.32989249554105887,count precision recall f1 iter,0,0.0,0.0,0,12,2016-11-16 23:00:02.342947
4614551,omega,0.500004497336526, 0.499995502663474,phi,0.3375226475994239, 0.3347519453917197, 0.32772540700885644,count precision recall f1 iter,0,0.0,0.0,0,18,2016-11-16 23:00:17.494262
1008874,omega,0.5004653245686257, 0.4995346754313743,phi,0.338138577382988, 0.33187862584819944, 0.3299827967688126,count precision recall f1 iter,1,0.2,0.2,0.20000000000000004,26,2016-11-16 23:00:43.256309
5664663,omega,0.4999794308706406, 0.5000205691293593,phi,0.3181589111834474, 0.3166277579034692, 0.36521333091308333,count precision recall f1 iter,1,0.2,0.5,0.28571428571428575,18,2016-11-16 23:01:32.162456
4469495,omega,0.500629578019472, 0.49937042198052783,phi,0.33248618033578853, 0.33401151299891074, 0.33350230666530056,count precision recall f1 iter,0,0.0,0.0,0,18,2016-11-16 23:01:44.700316
43917,omega,0.5000014545236784, 0.4999985454763217,phi,0.47630255400959004, 0.4796741008278684, 0.044023345162541506,count precision recall f1 iter,0,0.0,0.0,0,3,2016-11-16 23:01:55.179218
13062121,omega,0.5012889012786185, 0.49871109872138136,phi,0.3357968393838596, 0.33300521791990284, 0.33119794269623754,count precision recall f1 iter,3,0.6,0.5,0.5454545454545454,20,2016-11-16 23:05:04.056778
983936,omega,0.5007723043871467, 0.4992276956128533,phi,0.3979565324947061, 0.39607842359505324, 0.20596504391024065,count precision recall f1 iter,0,0.0,0.0,0,13,2016-11-16 23:05:21.420479
1708355,omega,0.500063797819919, 0.49993620218008084,phi,0.3848549712554388, 0.3801674007964027, 0.2349776279481584,count precision recall f1 iter,2,0.4,0.2857142857142857,0.3333333333333333,21,2016-11-16 23:05:21.642570
3917596,omega,0.5008652892112603, 0.4991347107887398,phi,0.41099214346788066, 0.41496646201169024, 0.17404139452042908,count precision recall f1 iter,1,0.2,0.25,0.22222222222222224,18,2016-11-16 23:06:02.046576
7827690,omega,0.5004607883882927, 0.4995392116117072,phi,0.3275132771842535, 0.32606084771994126, 0.3464258750958052,count precision recall f1 iter,0,0.0,0.0,0,8,2016-11-16 23:06:17.527778
597001,omega,0.5000730930084253, 0.4999269069915747,phi,0.3422368944325619, 0.34180320397299213, 0.3159599015944459,count precision recall f1 iter,1,0.2,0.2,0.20000000000000004,7,2016-11-16 23:06:27.679790
11204787,omega,0.500550746423485, 0.499449253576515,phi,0.32579913271378425, 0.3226112887445965, 0.35158957854161926,count precision recall f1 iter,0,0.0,0.0,0,9,2016-11-16 23:07:09.329111
13060664,omega,0.5004299772217726, 0.49957002277822726,phi,0.34394933219236556, 0.31008230473765463, 0.3459683630699799,count precision recall f1 iter,1,0.2,0.16666666666666666,0.1818181818181818,13,2016-11-16 23:08:55.134113
13061601,omega,0.500421943845745, 0.49957805615425493,phi,0.3414013314360885, 0.3374904708502304, 0.32110819771368115,count precision recall f1 iter,1,0.2,0.25,0.22222222222222224,15,2016-11-16 23:09:51.470012
13062852,omega,0.5004473743266614, 0.4995526256733386,phi,0.3290111578760686, 0.3264216186873019, 0.34456722343662943,count precision recall f1 iter,1,0.2,0.25,0.22222222222222224,15,2016-11-16 23:09:53.108372
488626,omega,0.5007019104776815, 0.4992980895223186,phi,0.15650157431272047, 0.154653390340648, 0.6888450353466316,count precision recall f1 iter,0,0.0,0.0,0,16,2016-11-16 23:10:34.538608
593939,omega,0.49997818339042566, 0.5000218166095743,phi,0.49915191908061557, 0.5021992392330356, -0.0013511583136512227,count precision recall f1 iter,2,0.4,0.6666666666666666,0.5,11,2016-11-16 23:11:01.881361
12102,omega,0.5005541798245174, 0.49944582017548256,phi,0.2362743061512347, 0.2341220033784963, 0.529603690470269,count precision recall f1 iter,1,0.2,0.2,0.20000000000000004,12,2016-11-16 23:12:27.480120
534480,omega,0.500454413145265, 0.49954558685473494,phi,0.28910499027121767, 0.28735177649185756, 0.42354323323692483,count precision recall f1 iter,1,0.2,0.16666666666666666,0.1818181818181818,8,2016-11-16 23:12:39.754279
16381,omega,0.500173263267553, 0.499826736732447,phi,0.30468426780306396, 0.2919076016087798, 0.4034081305881562,count precision recall f1 iter,1,0.2,0.16666666666666666,0.1818181818181818,23,2016-11-16 23:13:12.274808
10267504,omega,0.5008236362407623, 0.49917636375923763,phi,0.32332267583718405, 0.32197278566331766, 0.35470453849949823,count precision recall f1 iter,0,0.0,0.0,0,20,2016-11-16 23:14:34.216346
4265928,omega,0.5003156187711297, 0.49968438122887016,phi,0.3344429145713956, 0.3338408757427801, 0.33171620968582427,count precision recall f1 iter,1,0.2,0.25,0.22222222222222224,16,2016-11-16 23:15:49.043446
9933391,omega,0.501004123504087, 0.498995876495913,phi,0.33442454316274633, 0.3342533171709235, 0.33132213966633023,count precision recall f1 iter,1,0.2,0.2,0.20000000000000004,13,2016-11-16 23:17:39.763547
62822,omega,0.5001326587102959, 0.49986734128970406,phi,0.3453079327970557, 0.34499448865854987, 0.3096975785443944,count precision recall f1 iter,1,0.2,0.14285714285714285,0.16666666666666666,4,2016-11-16 23:18:26.877409
13060390,omega,0.500441738078462, 0.49955826192153807,phi,0.3281310645738319, 0.3288507863555927, 0.3430181490705754,count precision recall f1 iter,0,0.0,0.0,0,7,2016-11-16 23:19:30.564867
864474,omega,0.5007299524044717, 0.49927004759552845,phi,0.33906127612586023, 0.3385354350740505, 0.32240328880008917,count precision recall f1 iter,0,0.0,0.0,0,9,2016-11-16 23:19:51.908161
9357379,omega,0.49992266853903294, 0.5000773314609671,phi,0.31955342221987065, 0.31805786522860346, 0.3623887125515259,count precision recall f1 iter,0,0.0,0.0,0,16,2016-11-16 23:20:30.740993
599990,omega,0.5000701404366475, 0.49992985956335256,phi,0.3431674815739842, 0.33901716050810343, 0.31781535791791243,count precision recall f1 iter,2,0.4,0.5,0.4444444444444445,17,2016-11-16 23:20:32.214915
9678834,omega,0.5001303357476988, 0.49986966425230117,phi,0.31805223894496804, 0.3121689463105091, 0.3697788147445229,count precision recall f1 iter,1,0.2,0.3333333333333333,0.25,18,2016-11-16 23:20:40.382146
380379,omega,0.5008121942498504, 0.4991878057501497,phi,0.4410225693896025, 0.4446368717544142, 0.11434055885598329,count precision recall f1 iter,1,0.2,0.25,0.22222222222222224,13,2016-11-16 23:22:00.048621
6330602,omega,0.5002603408476437, 0.49973965915235635,phi,0.3005587620428072, 0.2989933726804494, 0.4004478652767435,count precision recall f1 iter,0,0.0,0.0,0,17,2016-11-16 23:22:28.301796
377638,omega,0.49913538983057104, 0.5008646101694291,phi,0.34139150640760835, 0.35774223274982997, 0.3008662608425616,count precision recall f1 iter,1,0.2,0.09090909090909091,0.12500000000000003,22,2016-11-16 23:25:13.613654
68146,omega,0.5008453175022339, 0.4991546824977661,phi,0.2887088609668666, 0.28630567591552825, 0.424985463117605,count precision recall f1 iter,1,0.2,0.1,0.13333333333333333,13,2016-11-16 23:26:49.356406
4326312,omega,0.5012049098988458, 0.49879509010115425,phi,0.3266211348913388, 0.3208627392518904, 0.3525161258567707,count precision recall f1 iter,0,0.0,0.0,0,12,2016-11-16 23:27:09.983790
13023730,omega,0.5002621880816115, 0.4997378119183885,phi,0.33137268625700367, 0.3398788932704627, 0.3287484204725336,count precision recall f1 iter,1,0.2,0.25,0.22222222222222224,21,2016-11-16 23:27:27.520958
96472,omega,0.5003294333863688, 0.499670566613631,phi,0.3364606473858361, 0.3361211207651887, 0.3274182318489752,count precision recall f1 iter,0,0.0,0.0,0,16,2016-11-16 23:27:54.319262
681261,omega,0.49991429733152903, 0.500085702668471,phi,0.33138498051081433, 0.33493428660682156, 0.3336807328823641,count precision recall f1 iter,0,0.0,0.0,0,17,2016-11-16 23:30:09.293899
13061989,omega,0.500569775818344, 0.499430224181656,phi,0.3350447625244924, 0.33327261927482194, 0.33168261820068573,count precision recall f1 iter,1,0.2,0.14285714285714285,0.16666666666666666,19,2016-11-16 23:31:45.882402
9452474,omega,0.5003578119555946, 0.49964218804440547,phi,0.3351608762780384, 0.33362042609761544, 0.33121869762434614,count precision recall f1 iter,1,0.2,0.2,0.20000000000000004,14,2016-11-16 23:31:55.757176
13190545,omega,0.49953265710837497, 0.500467342891625,phi,0.3256764422782821, 0.33236010657078785, 0.34196345115092996,count precision recall f1 iter,1,0.2,0.25,0.22222222222222224,21,2016-11-16 23:33:41.851472
4503664,omega,0.49977298178291407, 0.500227018217086,phi,0.3304539332413524, 0.3352671225457079, 0.3342789442129397,count precision recall f1 iter,2,0.4,0.4,0.4000000000000001,20,2016-11-16 23:33:46.419125
91646,omega,0.5015326754069054, 0.4984673245930947,phi,0.3265301573797083, 0.32596474512882145, 0.34750509749147035,count precision recall f1 iter,1,0.2,0.2,0.20000000000000004,18,2016-11-16 23:34:06.727165
4762660,omega,0.5001355749752893, 0.4998644250247107,phi,0.3498956407382568, 0.3515940148524737, 0.29851034440926966,count precision recall f1 iter,2,0.4,0.3333333333333333,0.3636363636363636,20,2016-11-16 23:34:32.947932
66974,omega,0.501493166902095, 0.498506833097905,phi,0.2716596515187473, 0.26706902359942175, 0.4612713248818311,count precision recall f1 iter,1,0.2,0.2,0.20000000000000004,14,2016-11-16 23:36:20.935262
9413558,omega,0.5002803339946748, 0.4997196660053251,phi,0.34637258416039435, 0.34628094399613535, 0.3073464718434703,count precision recall f1 iter,1,0.2,0.2,0.20000000000000004,14,2016-11-16 23:36:39.743810
812974,omega,0.5003614837126666, 0.4996385162873333,phi,0.39345770812911024, 0.3983057795837376, 0.20823651228715215,count precision recall f1 iter,0,0.0,0.0,0,24,2016-11-16 23:37:11.055122
882702,omega,0.5000568042971086, 0.4999431957028913,phi,0.34940228686001107, 0.36001233867645477, 0.2905853744635341,count precision recall f1 iter,0,0.0,0.0,0,17,2016-11-16 23:37:46.284863
13395437,omega,0.5002574898652855, 0.49974251013471455,phi,0.35376215352180174, 0.35197056387897496, 0.2942672825992232,count precision recall f1 iter,1,0.2,0.2,0.20000000000000004,8,2016-11-16 23:38:26.035631
769309,omega,0.5002123248210001, 0.4997876751789999,phi,0.3340148195891649, 0.33410218094778965, 0.3318829994630455,count precision recall f1 iter,0,0.0,0.0,0,10,2016-11-16 23:38:37.513671
259989,omega,0.5008726211083183, 0.49912737889168174,phi,0.3343482442728456, 0.32301958801059, 0.3426321677165643,count precision recall f1 iter,0,0.0,0.0,0,12,2016-11-16 23:39:20.665099
555734,omega,0.500519788732743, 0.4994802112672568,phi,0.28157264463385984, 0.27870598924769885, 0.43972136611844137,count precision recall f1 iter,0,0.0,0.0,0,14,2016-11-16 23:39:59.336495
11134938,omega,0.5003306055875496, 0.4996693944124503,phi,0.3168458292570525, 0.31627627807042885, 0.36687789267251875,count precision recall f1 iter,1,0.2,0.25,0.22222222222222224,17,2016-11-16 23:41:10.276249
963138,omega,0.5001236164308778, 0.4998763835691222,phi,0.3749924958699391, 0.33717945040125197, 0.28782805372880893,count precision recall f1 iter,1,0.2,0.16666666666666666,0.1818181818181818,15,2016-11-16 23:41:18.891673
10581378,omega,0.49969575279706385, 0.5003042472029361,phi,0.340939461731862, 0.3432061709359228, 0.3158543673322152,count precision recall f1 iter,0,0.0,0.0,0,16,2016-11-16 23:42:22.818267
39868,omega,0.5012233127718587, 0.4987766872281413,phi,0.3668900091905907, 0.369770756192061, 0.2633392346173484,count precision recall f1 iter,1,0.2,0.16666666666666666,0.1818181818181818,15,2016-11-16 23:43:44.998442
4284212,omega,0.5010446304113929, 0.49895536958860703,phi,0.4571739633408632, 0.46478231897788813, 0.07804371768124875,count precision recall f1 iter,1,0.2,0.08333333333333333,0.11764705882352941,16,2016-11-16 23:44:23.644781
9748009,omega,0.4998569139032849, 0.5001430860967151,phi,0.3147416362054046, 0.3131866661499991, 0.37207169764459624,count precision recall f1 iter,1,0.2,0.2,0.20000000000000004,15,2016-11-16 23:44:57.588599
10514579,omega,0.5004703888950764, 0.49952961110492355,phi,0.3433331569689397, 0.3404136804576042, 0.3162531625734562,count precision recall f1 iter,1,0.2,0.2,0.20000000000000004,11,2016-11-16 23:45:53.484828
11798933,omega,0.501754751541143, 0.498245248458857,phi,0.36142394589700827, 0.3624040051408731, 0.27617204896211867,count precision recall f1 iter,1,0.2,0.125,0.15384615384615385,15,2016-11-16 23:46:49.622706
9598425,omega,0.5002130064216881, 0.4997869935783118,phi,0.33587635588032677, 0.33849837363555135, 0.3256252704841219,count precision recall f1 iter,0,0.0,0.0,0,20,2016-11-16 23:47:12.134104
500235,omega,0.5000787591739771, 0.4999212408260229,phi,0.336354250011059, 0.33616133562137646, 0.3274844143675644,count precision recall f1 iter,0,0.0,0.0,0,4,2016-11-16 23:47:39.079800
9466892,omega,0.49962561863777066, 0.5003743813622293,phi,0.2482320641037041, 0.24315850418855206, 0.5086094317077438,count precision recall f1 iter,0,0.0,0.0,0,21,2016-11-16 23:47:54.921953
7819090,omega,0.49994275447912656, 0.5000572455208735,phi,0.35068262873659656, 0.3479028906596396, 0.3014144806037639,count precision recall f1 iter,1,0.2,0.1111111111111111,0.14285714285714285,15,2016-11-16 23:48:33.599874
10074391,omega,0.49952539974892957, 0.5004746002510705,phi,0.3377766793180353, 0.34358815872268966, 0.318635161959275,count precision recall f1 iter,1,0.2,0.25,0.22222222222222224,23,2016-11-16 23:48:48.034281
14005258,omega,0.4997446442969268, 0.5002553557030732,phi,0.30596965557959793, 0.3069756830711296, 0.3870546613492724,count precision recall f1 iter,1,0.2,0.2,0.20000000000000004,20,2016-11-16 23:51:19.155382
10924972,omega,0.4999523753271254, 0.5000476246728746,phi,0.3267725760878678, 0.3309803572467657, 0.34224706666536653,count precision recall f1 iter,1,0.2,0.3333333333333333,0.25,14,2016-11-16 23:52:32.485497
3922783,omega,0.5010635245747499, 0.4989364754252502,phi,0.33676380242205195, 0.33664382833358775, 0.3265923692443603,count precision recall f1 iter,0,0.0,0.0,0,12,2016-11-16 23:53:12.724065
10461284,omega,0.5005721693987921, 0.49942783060120793,phi,0.33342016971067207, 0.3335417359232413, 0.3330380943660866,count precision recall f1 iter,0,0.0,0.0,0,14,2016-11-16 23:54:33.385189
1217973,omega,0.5000153239088048, 0.4999846760911952,phi,0.33348697007799, 0.33129933858401095, 0.3352136913379991,count precision recall f1 iter,1,0.25,0.1111111111111111,0.15384615384615383,6,2016-11-16 23:54:33.452869
431669,omega,0.49808788538082094, 0.501912114619179,phi,0.3375135653343695, 0.3315195978787063, 0.3309668367869243,count precision recall f1 iter,0,0.0,0.0,0,26,2016-11-16 23:59:55.396534
13060679,omega,0.5001962320761566, 0.49980376792384335,phi,0.32784150568497994, 0.32718938028665256, 0.34496911402836744,count precision recall f1 iter,1,0.2,0.2,0.20000000000000004,16,2016-11-17 00:00:33.946117
4284207,omega,0.4999955944192486, 0.5000044055807512,phi,0.31836775776500176, 0.3216288447377206, 0.3600033974972778,count precision recall f1 iter,1,0.25,0.3333333333333333,0.28571428571428575,9,2016-11-17 00:00:34.014800
11788753,omega,0.5005563230555145, 0.4994436769444855,phi,0.33752427193760676, 0.33302370239286033, 0.3294520256695329,count precision recall f1 iter,0,0.0,0.0,0,13,2016-11-17 00:02:15.933482
527600,omega,0.4994977871918471, 0.5005022128081529,phi,0.33996609209160095, 0.34054540259140575, 0.31948850531699324,count precision recall f1 iter,1,0.2,0.2,0.20000000000000004,20,2016-11-17 00:07:17.633242
5643999,omega,0.5000257459916276, 0.49997425400837237,phi,0.28143005825445744, 0.2620240538519363, 0.4565458878936063,count precision recall f1 iter,1,0.2,1.0,0.33333333333333337,17,2016-11-17 00:07:33.423757
10048650,omega,0.4999446383287663, 0.5000553616712337,phi,0.3752301986498204, 0.37818125884929926, 0.2465885425008804,count precision recall f1 iter,1,0.2,0.2,0.20000000000000004,15,2016-11-17 00:08:17.743683
9063415,omega,0.5004997960223352, 0.4995002039776649,phi,0.33568674853554376, 0.3339377404949261, 0.3303755109695301,count precision recall f1 iter,2,0.4,0.4,0.4000000000000001,14,2016-11-17 00:09:28.266327
9172289,omega,0.5006210212852247, 0.49937897871477543,phi,0.3268616988392308, 0.32422259217622146, 0.3489157089845477,count precision recall f1 iter,0,0.0,0.0,0,15,2016-11-17 00:09:48.172293
13059932,omega,0.5008280165611944, 0.4991719834388057,phi,0.33518819526730037, 0.3390803226058436, 0.3257314821268561,count precision recall f1 iter,1,0.2,0.14285714285714285,0.16666666666666666,18,2016-11-17 00:15:37.833170
293077,omega,0.4996958239559647, 0.5003041760440352,phi,0.370994926604585, 0.38279374393269183, 0.2462113294627232,count precision recall f1 iter,1,0.2,0.16666666666666666,0.1818181818181818,20,2016-11-17 00:16:06.707499
1142421,omega,0.5000070920206694, 0.4999929079793306,phi,0.3467674299532749, 0.3472343572045208, 0.3059982128422042,count precision recall f1 iter,0,0.0,0.0,0,11,2016-11-17 00:17:59.182271
13059042,omega,0.49915203349431986, 0.5008479665056803,phi,0.33526943252964003, 0.34157458448309763, 0.3231559829872624,count precision recall f1 iter,0,0.0,0.0,0,24,2016-11-17 00:18:59.808584
11858468,omega,0.5005637914889334, 0.4994362085110666,phi,0.3374576140734023, 0.33873352727343986, 0.3238088586531578,count precision recall f1 iter,1,0.2,0.25,0.22222222222222224,13,2016-11-17 00:20:55.464826
4419686,omega,0.500449845888219, 0.499550154111781,phi,0.19794806666975018, 0.198822859802479, 0.6032290735277708,count precision recall f1 iter,1,0.2,0.125,0.15384615384615385,15,2016-11-17 00:21:45.457847
95405,omega,0.5005995387945507, 0.4994004612054494,phi,0.3864900328943804, 0.3849955956770062, 0.2285143714286135,count precision recall f1 iter,0,0.0,0.0,0,14,2016-11-17 00:22:58.287629
279164,omega,0.5000005346690706, 0.49999946533092937,phi,0.28990915307476056, 0.2887770975851365, 0.421313749340103,count precision recall f1 iter,1,0.25,0.2,0.22222222222222224,9,2016-11-17 00:22:58.369347
66979,omega,0.5000674250208, 0.4999325749792001,phi,0.18060554473186596, 0.17653682598667797, 0.6428576292814561,count precision recall f1 iter,0,0.0,0.0,0,14,2016-11-17 00:22:58.735321
7176668,omega,0.5004667508612785, 0.49953324913872155,phi,0.3085293175097111, 0.30621389097887064, 0.38525679151141823,count precision recall f1 iter,1,0.2,0.2,0.20000000000000004,11,2016-11-17 00:23:45.812088
4422416,omega,0.5000288770498793, 0.4999711229501208,phi,0.3368056663321528, 0.3359192110018508, 0.32727512266599645,count precision recall f1 iter,1,0.2,0.16666666666666666,0.1818181818181818,17,2016-11-17 00:24:21.306531
380453,omega,0.5004166951269903, 0.49958330487300984,phi,0.24511591653024795, 0.23822663804470098, 0.516657445425051,count precision recall f1 iter,1,0.2,0.16666666666666666,0.1818181818181818,15,2016-11-17 00:24:41.303237
4185403,omega,0.49957827951223943, 0.5004217204877606,phi,0.3371674605457437, 0.33060777535206815, 0.3322247641021881,count precision recall f1 iter,1,0.2,0.3333333333333333,0.25,24,2016-11-17 00:24:50.856155
3603843,omega,0.5007149937084079, 0.4992850062915921,phi,0.3306401221865434, 0.32634682471442716, 0.3430130530990295,count precision recall f1 iter,1,0.2,0.2,0.20000000000000004,16,2016-11-17 00:24:55.252353
4381793,omega,0.500266297197941, 0.49973370280205887,phi,0.33396452456894027, 0.3310359479193887, 0.33499952751167095,count precision recall f1 iter,1,0.2,0.25,0.22222222222222224,19,2016-11-17 00:25:07.341018
9337434,omega,0.499460539484964, 0.5005394605150361,phi,0.33321087699940954, 0.3349153203194344, 0.33187380268115607,count precision recall f1 iter,0,0.0,0.0,0,20,2016-11-17 00:28:23.668409
275063,omega,0.500327665674803, 0.49967233432519687,phi,0.32757772212918046, 0.3274790785626803, 0.3449431993081392,count precision recall f1 iter,0,0.0,0.0,0,7,2016-11-17 00:28:51.913070
734068,omega,0.5012484797436526, 0.49875152025634734,phi,0.32430042402317316, 0.3223225400736393, 0.3533770359031876,count precision recall f1 iter,1,0.2,0.25,0.22222222222222224,16,2016-11-17 00:30:23.737422
11275613,omega,0.49995722946815707, 0.500042770531843,phi,0.3408271138242644, 0.3431273897732035, 0.3160454964025321,count precision recall f1 iter,0,0.0,0.0,0,14,2016-11-17 00:31:36.319046
10057112,omega,0.5002992025265327, 0.49970079747346724,phi,0.3322819699569572, 0.32969700921242706, 0.3380210208306157,count precision recall f1 iter,0,0.0,0.0,0,7,2016-11-17 00:32:01.497041
9019192,omega,0.5006647644098297, 0.49933523559017035,phi,0.3177350033560496, 0.3233576785679942, 0.35890731807595616,count precision recall f1 iter,2,0.4,0.3333333333333333,0.3636363636363636,20,2016-11-17 00:34:25.788969
9524701,omega,0.4999790382738384, 0.5000209617261615,phi,0.287450445585428, 0.2866493869971111, 0.4259001674174609,count precision recall f1 iter,1,0.2,0.25,0.22222222222222224,11,2016-11-17 00:34:56.787951
3942651,omega,0.5012254845311042, 0.4987745154688957,phi,0.3303540427769525, 0.3259071472147207, 0.34373881000832684,count precision recall f1 iter,0,0.0,0.0,0,17,2016-11-17 00:35:37.572970
13059044,omega,0.5013425602567033, 0.49865743974329674,phi,0.35481035598716126, 0.32750676792473027, 0.31768287608810847,count precision recall f1 iter,0,0.0,0.0,0,22,2016-11-17 00:35:50.169487
4162302,omega,0.5004421749936425, 0.49955782500635737,phi,0.3207805165713559, 0.31995377278377873, 0.35926571064486534,count precision recall f1 iter,0,0.0,0.0,0,12,2016-11-17 00:37:47.971438
4340570,omega,0.5000838621559738, 0.4999161378440262,phi,0.33074708491332977, 0.331565703958598, 0.33768721112807226,count precision recall f1 iter,0,0.0,0.0,0,19,2016-11-17 00:37:56.463032
1229684,omega,0.5001474770689918, 0.4998525229310083,phi,0.1465707158820291, 0.14002684655866887, 0.7134024375593021,count precision recall f1 iter,1,0.2,0.25,0.22222222222222224,19,2016-11-17 00:38:05.297539
13059085,omega,0.5006285049511793, 0.49937149504882067,phi,0.33413085130708553, 0.33333627033945457, 0.33253287835345985,count precision recall f1 iter,2,0.4,0.5,0.4444444444444445,9,2016-11-17 00:38:56.339856
5930084,omega,0.5009201083961431, 0.4990798916038569,phi,0.3240949234205561, 0.32357611346491955, 0.35232896311452433,count precision recall f1 iter,1,0.2,0.2,0.20000000000000004,14,2016-11-17 00:40:30.098847
9693036,omega,0.4998692320330579, 0.5001307679669421,phi,0.3344149535501104, 0.33241047555456055, 0.33317457089532887,count precision recall f1 iter,1,0.2,0.2,0.20000000000000004,15,2016-11-17 00:41:26.314424
4435465,omega,0.5002568670250018, 0.4997431329749981,phi,0.33362361306198013, 0.32624345568623575, 0.3401329312517842,count precision recall f1 iter,1,0.2,0.25,0.22222222222222224,7,2016-11-17 00:41:56.071601
13063612,omega,0.5005800812572643, 0.4994199187427357,phi,0.32798718037868557, 0.32816906104146437, 0.34384375857985006,count precision recall f1 iter,1,0.2,0.2,0.20000000000000004,16,2016-11-17 00:42:39.707709
10563630,omega,0.5006609025554294, 0.4993390974445707,phi,0.28189916120730174, 0.2804099098613706, 0.43769092893132766,count precision recall f1 iter,1,0.2,0.2,0.20000000000000004,10,2016-11-17 00:44:15.497584
9319344,omega,0.5007180948443442, 0.49928190515565574,phi,0.34286994903207907, 0.3289023117382601, 0.3282277392296607,count precision recall f1 iter,1,0.2,0.1111111111111111,0.14285714285714285,14,2016-11-17 00:45:05.824994
9035229,omega,0.5006728032165756, 0.4993271967834244,phi,0.3458545271146521, 0.34296895103223846, 0.3111765218531094,count precision recall f1 iter,1,0.2,0.16666666666666666,0.1818181818181818,22,2016-11-17 00:46:52.545480
14265822,omega,0.5011592413123054, 0.49884075868769473,phi,0.3413372181934556, 0.32947835567055067, 0.3291844261359937,count precision recall f1 iter,0,0.0,0.0,0,18,2016-11-17 00:47:16.357338
4234260,omega,0.5004622586637387, 0.49953774133626144,phi,0.25702461732326715, 0.2584996487004821, 0.4844757339762508,count precision recall f1 iter,1,0.2,0.25,0.22222222222222224,19,2016-11-17 00:49:48.904238
32784,omega,0.49942955067146777, 0.5005704493285323,phi,0.27835604414365517, 0.27558855265532145, 0.4460554032010235,count precision recall f1 iter,0,0.0,0.0,0,21,2016-11-17 00:52:20.059929
503869,omega,0.5011554643210677, 0.4988445356789322,phi,0.30608001754410447, 0.3170429459630424, 0.37687703649285315,count precision recall f1 iter,1,0.2,0.1111111111111111,0.14285714285714285,14,2016-11-17 00:53:12.920579
51476,omega,0.5004839109149953, 0.4995160890850046,phi,0.42977264528265674, 0.436000704059083, 0.1342266506582603,count precision recall f1 iter,1,0.2,0.25,0.22222222222222224,19,2016-11-17 00:56:38.043379
8185170,omega,0.500415392030308, 0.4995846079696919,phi,0.3370842538464041, 0.33128281243776203, 0.3316329337158339,count precision recall f1 iter,0,0.0,0.0,0,21,2016-11-17 00:57:12.996381
10278781,omega,0.5003331451509703, 0.4996668548490297,phi,0.34079697338944603, 0.34310585637994373, 0.31609717023061035,count precision recall f1 iter,0,0.0,0.0,0,11,2016-11-17 00:57:40.432382
1845167,omega,0.5003255344055947, 0.49967446559440537,phi,0.329790039694951, 0.3321295798960641, 0.3380803804089848,count precision recall f1 iter,0,0.0,0.0,0,23,2016-11-17 00:57:54.897874
9919614,omega,0.5007079547423693, 0.49929204525763066,phi,0.21675657011483182, 0.21524642002952205, 0.5679970098556462,count precision recall f1 iter,1,0.2,0.1,0.13333333333333333,9,2016-11-17 00:59:50.792276
84940,omega,0.5005613098094894, 0.4994386901905106,phi,0.06036666402554511, 0.05871759499936411, 0.8809157409750908,count precision recall f1 iter,1,0.2,0.3333333333333333,0.25,17,2016-11-17 01:00:15.349119
6158247,omega,0.5010672401344276, 0.4989327598655724,phi,0.3327655778472726, 0.33231243409521505, 0.33492198805751233,count precision recall f1 iter,0,0.0,0.0,0,10,2016-11-17 01:00:30.350033
1229683,omega,0.5000410833503999, 0.4999589166496002,phi,0.30563641717144735, 0.3021707563781698, 0.3921928264503828,count precision recall f1 iter,1,0.2,0.3333333333333333,0.25,15,2016-11-17 01:01:02.295546
812969,omega,0.5005344350729672, 0.4994655649270327,phi,0.020115493507017395, 0.01643089637369172, 0.9634536101192909,count precision recall f1 iter,0,0.0,0.0,0,16,2016-11-17 01:01:10.446233
9703157,omega,0.500300604716501, 0.4996993952834991,phi,0.33431136794067395, 0.33571824788613763, 0.32997038417318836,count precision recall f1 iter,0,0.0,0.0,0,12,2016-11-17 01:03:33.874363
1033807,omega,0.5002062197030215, 0.49979378029697863,phi,0.4931774773743461, 0.5026878660068894, 0.004134656618764535,count precision recall f1 iter,0,0.0,0.0,0,22,2016-11-17 01:04:25.743881
11796084,omega,0.500133599279227, 0.4998664007207729,phi,0.32246091374832486, 0.3217234065595675, 0.35581567969210764,count precision recall f1 iter,1,0.2,0.25,0.22222222222222224,14,2016-11-17 01:05:38.557649
101488,omega,0.5007748315075409, 0.49922516849245907,phi,0.3310487531538531, 0.32954281119846524, 0.33940843564768164,count precision recall f1 iter,0,0.0,0.0,0,11,2016-11-17 01:06:47.174236
11841922,omega,0.500162351980552, 0.4998376480194479,phi,0.3392711628503089, 0.3360680086291708, 0.32466082852052025,count precision recall f1 iter,1,0.2,0.3333333333333333,0.25,15,2016-11-17 01:08:05.451519
4284206,omega,0.5006397255193673, 0.4993602744806328,phi,0.31960547084382046, 0.3187890140480757, 0.3616055151081039,count precision recall f1 iter,1,0.2,0.3333333333333333,0.25,9,2016-11-17 01:08:54.650929
3911283,omega,0.5012015727563292, 0.4987984272436709,phi,0.3122572335300466, 0.3176008591546954, 0.370141907315258,count precision recall f1 iter,0,0.0,0.0,0,20,2016-11-17 01:09:19.128559
3822664,omega,0.5002161365659512, 0.49978386343404874,phi,0.3355897121299603, 0.3339609832615724, 0.33044930460846716,count precision recall f1 iter,1,0.2,0.3333333333333333,0.25,25,2016-11-17 01:09:26.682157
12003689,omega,0.5005636571377627, 0.4994363428622371,phi,0.33258064770418655, 0.33361655533197065, 0.33380279696384285,count precision recall f1 iter,1,0.2,0.3333333333333333,0.25,14,2016-11-17 01:10:16.845632
16387,omega,0.5, 0.5,phi,0.4702856310907704, 0.47107881143841596, 0.05863555747081368,count precision recall f1 iter,1,0.2,0.3333333333333333,0.25,1,2016-11-17 01:10:20.327622
4260406,omega,0.5006075987275348, 0.49939240127246526,phi,0.3309901583947087, 0.3331657792546115, 0.3358440623506798,count precision recall f1 iter,0,0.0,0.0,0,11,2016-11-17 01:12:38.344362
16706,omega,0.4996909557958421, 0.5003090442041578,phi,0.3686616858667656, 0.3717485843425694, 0.25958972979066514,count precision recall f1 iter,1,0.2,0.2,0.20000000000000004,22,2016-11-17 01:12:50.618020
380451,omega,0.5005398307268787, 0.4994601692731214,phi,0.2620130876314097, 0.25519897961993104, 0.4827879327486592,count precision recall f1 iter,1,0.2,0.3333333333333333,0.25,13,2016-11-17 01:14:06.484382
4440031,omega,0.5007211167385788, 0.4992788832614212,phi,0.3315454680745198, 0.32701254110679473, 0.3414419908186854,count precision recall f1 iter,0,0.0,0.0,0,15,2016-11-17 01:14:10.680547
4447492,omega,0.5001982658509986, 0.4998017341490014,phi,0.3374994458628278, 0.3358668444240976, 0.3266337097130746,count precision recall f1 iter,1,0.2,0.3333333333333333,0.25,7,2016-11-17 01:14:20.667621
91138,omega,0.500166666182588, 0.49983333381741196,phi,0.3005944682951669, 0.2957661257517071, 0.4036394059531259,count precision recall f1 iter,1,0.2,0.2,0.20000000000000004,12,2016-11-17 01:14:35.489057
7385442,omega,0.5011851661928304, 0.4988148338071696,phi,0.3037283163840916, 0.3038602212121016, 0.39241146240380687,count precision recall f1 iter,0,0.0,0.0,0,13,2016-11-17 01:15:37.256408
4634522,omega,0.5009578161839378, 0.49904218381606225,phi,0.3328116012659629, 0.32139783507384434, 0.3457905636601928,count precision recall f1 iter,0,0.0,0.0,0,16,2016-11-17 01:15:58.452807
11807460,omega,0.5003123779867545, 0.4996876220132454,phi,0.3375145913257341, 0.33666673084319143, 0.3258186778310745,count precision recall f1 iter,0,0.0,0.0,0,7,2016-11-17 01:17:31.170007
4513151,omega,0.500139051684877, 0.49986094831512307,phi,0.33642738615247875, 0.3358120305753899, 0.3277605832721313,count precision recall f1 iter,1,0.2,0.25,0.22222222222222224,5,2016-11-17 01:18:07.225943
21580,omega,0.5011664320249136, 0.4988335679750864,phi,0.34926054854022287, 0.350521044191389, 0.3002184072683881,count precision recall f1 iter,1,0.2,0.16666666666666666,0.1818181818181818,18,2016-11-17 01:18:53.399801
11277694,omega,0.500397470849418, 0.4996025291505819,phi,0.33727878351303636, 0.3353249665768895, 0.32739624991007404,count precision recall f1 iter,2,0.4,1.0,0.5714285714285715,20,2016-11-17 01:19:48.028155
9128408,omega,0.5001955081386064, 0.49980449186139364,phi,0.3209754614485322, 0.32053280347092267, 0.3584917350805451,count precision recall f1 iter,1,0.2,0.2,0.20000000000000004,5,2016-11-17 01:20:37.555937
4629357,omega,0.5003468883669691, 0.499653111633031,phi,0.30941967705324397, 0.3100082414271641, 0.380572081519592,count precision recall f1 iter,1,0.2,0.14285714285714285,0.16666666666666666,16,2016-11-17 01:21:16.243392
10525045,omega,0.5000391251509285, 0.49996087484907153,phi,0.33331129389452907, 0.338473340077297, 0.3282153660281739,count precision recall f1 iter,2,0.4,0.4,0.4000000000000001,19,2016-11-17 01:21:37.312954
796357,omega,0.5002774277766531, 0.499722572223347,phi,0.3292663321373489, 0.3286803869793267, 0.34205328088332443,count precision recall f1 iter,2,0.4,0.4,0.4000000000000001,5,2016-11-17 01:22:43.510093
239996,omega,0.5000468917705555, 0.4999531082294446,phi,0.3218027278669844, 0.30836756586010794, 0.36982970627290773,count precision recall f1 iter,1,0.2,0.25,0.22222222222222224,13,2016-11-17 01:23:06.009478
4336366,omega,0.5001208717648973, 0.4998791282351027,phi,0.3379464334331009, 0.35170366655359997, 0.31034990001329915,count precision recall f1 iter,0,0.0,0.0,0,22,2016-11-17 01:23:28.131840
7345863,omega,0.49975652182672753, 0.5002434781732724,phi,0.33436229433776293, 0.3335046166712392, 0.33213308899099786,count precision recall f1 iter,1,0.2,0.25,0.22222222222222224,16,2016-11-17 01:24:24.225095
681303,omega,0.49991588530537934, 0.5000841146946206,phi,0.34498802833877107, 0.3440018033544109, 0.31101016830681794,count precision recall f1 iter,1,0.2,0.16666666666666666,0.1818181818181818,15,2016-11-17 01:25:22.938832
9337801,omega,0.5005664848905246, 0.4994335151094753,phi,0.3472954989892556, 0.35224063233084024, 0.30046386867990416,count precision recall f1 iter,1,0.2,0.16666666666666666,0.1818181818181818,14,2016-11-17 01:25:54.618625
3953179,omega,0.49994388176278537, 0.5000561182372147,phi,0.4516721899509831, 0.4523304762442783, 0.09599733380473863,count precision recall f1 iter,0,0.0,0.0,0,16,2016-11-17 01:28:16.220395
11714006,omega,0.5013355755692079, 0.4986644244307921,phi,0.3391105615787812, 0.3310223481121694, 0.3298670903090494,count precision recall f1 iter,2,0.4,0.3333333333333333,0.3636363636363636,14,2016-11-17 01:29:25.827103
13240315,omega,0.5005235888130567, 0.49947641118694336,phi,0.3274500564277063, 0.32726975064067154, 0.3452801929316221,count precision recall f1 iter,0,0.0,0.0,0,14,2016-11-17 01:31:35.078011
4332137,omega,0.4999297729008022, 0.5000702270991978,phi,0.34083992055397744, 0.3479856249690521, 0.31117445447697056,count precision recall f1 iter,1,0.2,0.2,0.20000000000000004,16,2016-11-17 01:31:58.061674
97953,omega,0.5003879965512424, 0.4996120034487576,phi,0.3785419118888935, 0.3749846751075413, 0.2464734130035651,count precision recall f1 iter,1,0.2,0.25,0.22222222222222224,14,2016-11-17 01:32:34.920246
9524697,omega,0.5002653160854863, 0.4997346839145136,phi,0.302647104746522, 0.29988218637624375, 0.39747070887723435,count precision recall f1 iter,1,0.2,0.2,0.20000000000000004,12,2016-11-17 01:32:41.224521
309782,omega,0.5004151704540286, 0.4995848295459713,phi,0.3025528863550813, 0.30054101267908795, 0.3969061009658308,count precision recall f1 iter,0,0.0,0.0,0,11,2016-11-17 01:33:00.467221
3801417,omega,0.5000371036039201, 0.49996289639608,phi,0.49016272813965023, 0.4947156740743423, 0.015121597786007503,count precision recall f1 iter,0,0.0,0.0,0,13,2016-11-17 01:33:42.034322
9920535,omega,0.5000069695493046, 0.4999930304506955,phi,0.333528481861163, 0.33379505422926115, 0.33267646390957584,count precision recall f1 iter,0,0.0,0.0,0,15,2016-11-17 01:34:05.828132
86329,omega,0.5000313910636174, 0.49996860893638273,phi,0.33533791666380736, 0.3352263870689313, 0.3294356962672614,count precision recall f1 iter,1,0.2,0.3333333333333333,0.25,3,2016-11-17 01:34:21.740972
10414735,omega,0.5014550331698737, 0.4985449668301263,phi,0.2968929436757433, 0.28933438342519957, 0.41377267289905706,count precision recall f1 iter,2,0.4,0.5,0.4444444444444445,16,2016-11-17 01:34:38.128576
7821111,omega,0.5006294257450983, 0.4993705742549018,phi,0.34479892016287017, 0.3489596831690108, 0.306241396668119,count precision recall f1 iter,1,0.2,0.14285714285714285,0.16666666666666666,14,2016-11-17 01:35:05.818756
13064535,omega,0.5003261483164535, 0.49967385168354633,phi,0.33165348083145, 0.331641051953547, 0.33670546721500283,count precision recall f1 iter,1,0.2,0.125,0.15384615384615385,9,2016-11-17 01:36:14.716577
3613072,omega,0.5006229028477638, 0.4993770971522363,phi,0.3302077240466682, 0.3224369744491298, 0.347355301504202,count precision recall f1 iter,1,0.2,0.25,0.22222222222222224,14,2016-11-17 01:36:30.599839
5215473,omega,0.500338445106208, 0.499661554893792,phi,0.3342052347804379, 0.33624917934154813, 0.32954558587801397,count precision recall f1 iter,1,0.2,0.16666666666666666,0.1818181818181818,18,2016-11-17 01:36:47.357427
5808407,omega,0.5007144617225658, 0.49928553827743416,phi,0.22944859131625409, 0.2347975802366163, 0.5357538284471296,count precision recall f1 iter,0,0.0,0.0,0,24,2016-11-17 01:39:24.289506
11628441,omega,0.49993470750643276, 0.5000652924935672,phi,0.2568824134371407, 0.2618824107718057, 0.48123517579105357,count precision recall f1 iter,2,0.4,0.3333333333333333,0.3636363636363636,18,2016-11-17 01:40:48.216817
178963,omega,0.5000843641685324, 0.4999156358314677,phi,0.33673096106830946, 0.3351402300297099, 0.3281288089019808,count precision recall f1 iter,1,0.2,0.25,0.22222222222222224,7,2016-11-17 01:41:10.475543
9942031,omega,0.5004773837050397, 0.49952261629496025,phi,0.3550311617692858, 0.3559826818879312, 0.288986156342783,count precision recall f1 iter,0,0.0,0.0,0,15,2016-11-17 01:42:37.248930
4095236,omega,0.5005146199900846, 0.4994853800099154,phi,0.33530225981989853, 0.33462101506164593, 0.3300767251184555,count precision recall f1 iter,0,0.0,0.0,0,10,2016-11-17 01:42:47.998031
11134936,omega,0.5003249448055285, 0.4996750551944714,phi,0.332324342227933, 0.3230225156045377, 0.3446531421675293,count precision recall f1 iter,1,0.2,0.5,0.28571428571428575,9,2016-11-17 01:42:59.479581
4442736,omega,0.5003591671485956, 0.49964083285140437,phi,0.34059848988315944, 0.33185391161757405, 0.3275475984992664,count precision recall f1 iter,1,0.2,0.5,0.28571428571428575,17,2016-11-17 01:43:12.790004
706774,omega,0.5008034256426891, 0.4991965743573109,phi,0.33950243223087984, 0.33845298290788683, 0.32204458486123333,count precision recall f1 iter,0,0.0,0.0,0,12,2016-11-17 01:46:07.780122
4030772,omega,0.5004344185434615, 0.49956558145653857,phi,0.32594203709625325, 0.32489740377666404, 0.3491605591270827,count precision recall f1 iter,0,0.0,0.0,0,17,2016-11-17 01:46:40.829560
336149,omega,0.5018252431111763, 0.4981747568888237,phi,0.3297967134579105, 0.3267726900964639, 0.3434305964456256,count precision recall f1 iter,0,0.0,0.0,0,20,2016-11-17 01:47:00.888937
7243680,omega,0.500643446385763, 0.4993565536142372,phi,0.3346576575281402, 0.3329685143788216, 0.33237382809303817,count precision recall f1 iter,0,0.0,0.0,0,14,2016-11-17 01:48:50.867076
9090671,omega,0.501245377919811, 0.49875462208018906,phi,0.32649230770875093, 0.32487417965496684, 0.34863351263628223,count precision recall f1 iter,1,0.2,0.3333333333333333,0.25,18,2016-11-17 01:49:23.516950
183,omega,0.5004610476563279, 0.49953895234367207,phi,-0.0028450481965552653, -0.0036510305212967818, 1.006496078717852,count precision recall f1 iter,1,0.2,0.3333333333333333,0.25,15,2016-11-17 01:49:59.875191
464366,omega,0.49960056812115594, 0.500399431878844,phi,0.25683985530991754, 0.2590877695596677, 0.4840723751304147,count precision recall f1 iter,0,0.0,0.0,0,22,2016-11-17 01:50:24.561877
7718394,omega,0.5005674777624449, 0.49943252223755513,phi,0.36904048748851076, 0.3680652564691298, 0.26289425604235955,count precision recall f1 iter,1,0.2,0.25,0.22222222222222224,13,2016-11-17 01:51:03.229763
7273113,omega,0.4999517176292981, 0.5000482823707019,phi,0.3429449695181022, 0.34961189520574804, 0.3074431352761498,count precision recall f1 iter,1,0.2,0.25,0.22222222222222224,20,2016-11-17 01:51:27.403584
4363952,omega,0.5006160366750841, 0.4993839633249157,phi,0.33591716681803385, 0.33722564356411333, 0.3268571896178528,count precision recall f1 iter,0,0.0,0.0,0,8,2016-11-17 01:52:59.468548
251909,omega,0.49982733996291506, 0.5001726600370848,phi,0.33742448745127385, 0.33728027962944584, 0.32529523291928025,count precision recall f1 iter,1,0.2,0.25,0.22222222222222224,18,2016-11-17 01:53:27.905713
10946910,omega,0.49957008791558405, 0.5004299120844159,phi,0.34011682287955836, 0.3408805925984217, 0.3190025845220198,count precision recall f1 iter,0,0.0,0.0,0,21,2016-11-17 01:55:53.765317
858389,omega,0.5005052818197654, 0.49949471818023455,phi,0.3101200336443632, 0.31032777516186083, 0.379552191193776,count precision recall f1 iter,1,0.2,0.125,0.15384615384615385,13,2016-11-17 01:58:47.873088
285729,omega,0.5010508993528618, 0.4989491006471382,phi,0.35955860499667514, 0.36103954031167507, 0.27940185469164974,count precision recall f1 iter,1,0.2,0.16666666666666666,0.1818181818181818,16,2016-11-17 01:59:06.044438
125048,omega,0.5006255814231421, 0.4993744185768579,phi,0.4359658621289002, 0.43051375933440805, 0.13352037853669177,count precision recall f1 iter,1,0.2,0.2,0.20000000000000004,15,2016-11-17 01:59:21.463968
13526048,omega,0.4987652896068235, 0.5012347103931766,phi,0.33431318774962976, 0.3345930384057831, 0.3310937738445872,count precision recall f1 iter,1,0.2,0.25,0.22222222222222224,24,2016-11-17 02:02:56.294611
9061374,omega,0.5004996442632478, 0.4995003557367522,phi,0.33862058555336444, 0.340649777118042, 0.32072963732859355,count precision recall f1 iter,1,0.2,0.25,0.22222222222222224,13,2016-11-17 02:03:10.087310
13545447,omega,0.5004006606359336, 0.4995993393640665,phi,0.3413402009358599, 0.33922046463127453, 0.3194393344328655,count precision recall f1 iter,0,0.0,0.0,0,21,2016-11-17 02:03:47.654272
4036152,omega,0.5003408131012923, 0.49965918689870764,phi,0.34206693908626384, 0.3422788035614869, 0.3156542573522493,count precision recall f1 iter,0,0.0,0.0,0,15,2016-11-17 02:05:24.029204
9098177,omega,0.5009573649960531, 0.49904263500394686,phi,0.2803376502822347, 0.26167665858571587, 0.45798569113204934,count precision recall f1 iter,1,0.2,0.2,0.20000000000000004,18,2016-11-17 02:05:44.000844
10633510,omega,0.5010697467604347, 0.49893025323956536,phi,0.33359191866393945, 0.3232143604374429, 0.34319372089861777,count precision recall f1 iter,1,0.2,0.3333333333333333,0.25,11,2016-11-17 02:05:59.226355
5170182,omega,0.5001509859757316, 0.4998490140242684,phi,0.34612041239203234, 0.3464967416074918, 0.3073828460004759,count precision recall f1 iter,1,0.2,0.25,0.22222222222222224,8,2016-11-17 02:07:01.590292
4001084,omega,0.49997313912374386, 0.5000268608762561,phi,0.25811229924080226, 0.2582209100251432, 0.48366679073405455,count precision recall f1 iter,2,0.4,0.5,0.4444444444444445,13,2016-11-17 02:09:36.454350
10477594,omega,0.5004247813922091, 0.49957521860779075,phi,0.33282317457456656, 0.33319220860595994, 0.33398461681947356,count precision recall f1 iter,1,0.2,0.2,0.20000000000000004,15,2016-11-17 02:10:36.148683
4786762,omega,0.501876561498475, 0.49812343850152496,phi,0.32750761866207484, 0.31946219978380885, 0.3530301815541162,count precision recall f1 iter,0,0.0,0.0,0,24,2016-11-17 02:11:15.914491
89015,omega,0.49991346548128907, 0.500086534518711,phi,0.3293428565604674, 0.32385192966682363, 0.34680521377270895,count precision recall f1 iter,1,0.2,0.25,0.22222222222222224,16,2016-11-17 02:11:40.648304
13063481,omega,0.5010414132584264, 0.49895858674157356,phi,0.3561910091604703, 0.35680703447104206, 0.28700195636848747,count precision recall f1 iter,1,0.2,0.25,0.22222222222222224,20,2016-11-17 02:12:45.815199
823225,omega,0.5010418658606086, 0.4989581341393914,phi,0.35831276125386285, 0.359633359034701, 0.28205387971143603,count precision recall f1 iter,1,0.2,0.16666666666666666,0.1818181818181818,14,2016-11-17 02:13:22.194997
4390411,omega,0.5007439170372833, 0.4992560829627167,phi,0.34707135604339384, 0.33586706601311905, 0.317061577943487,count precision recall f1 iter,1,0.2,0.25,0.22222222222222224,14,2016-11-17 02:14:35.186210
14316718,omega,0.500191130805634, 0.499808869194366,phi,0.33523170482238157, 0.3337352153082571, 0.33103307986936137,count precision recall f1 iter,1,0.2,0.2,0.20000000000000004,15,2016-11-17 02:15:49.609734
4219664,omega,0.5005551009617366, 0.4994448990382634,phi,0.3438755358598706, 0.34373079746202595, 0.31239366667810353,count precision recall f1 iter,0,0.0,0.0,0,16,2016-11-17 02:16:28.462112
6009841,omega,0.49981070470409855, 0.5001892952959015,phi,0.34675653110847493, 0.34001978994056803, 0.3132236789509571,count precision recall f1 iter,1,0.2,0.3333333333333333,0.25,16,2016-11-17 02:16:38.675287
10030413,omega,0.5000702427098174, 0.49992975729018263,phi,0.33344934764243284, 0.33121222129174527, 0.335338431065822,count precision recall f1 iter,0,0.0,0.0,0,7,2016-11-17 02:17:28.759048
7029529,omega,0.49995106214767016, 0.5000489378523298,phi,0.33391639943081175, 0.3340993501791395, 0.3319842503900488,count precision recall f1 iter,1,0.2,0.16666666666666666,0.1818181818181818,15,2016-11-17 02:19:53.617494
11338040,omega,0.5004272747803891, 0.49957272521961094,phi,0.32074782763220433, 0.3168998951229605, 0.3623522772448351,count precision recall f1 iter,1,0.2,0.14285714285714285,0.16666666666666666,13,2016-11-17 02:20:55.444000
11556066,omega,0.5000852515319602, 0.4999147484680399,phi,0.3319229791349532, 0.32924852883941613, 0.33882849202563065,count precision recall f1 iter,2,0.4,0.2,0.26666666666666666,22,2016-11-17 02:21:51.304633
95980,omega,0.5009160076587735, 0.49908399234122636,phi,0.4023983577565202, 0.39691683380047793, 0.20068480844300182,count precision recall f1 iter,1,0.2,0.2,0.20000000000000004,15,2016-11-17 02:22:15.270400
6153556,omega,0.5007178104795346, 0.4992821895204653,phi,0.3225951804560498, 0.3258116526661519, 0.3515931668777984,count precision recall f1 iter,1,0.2,0.1111111111111111,0.14285714285714285,20,2016-11-17 02:25:09.640362
91382,omega,0.4997852772952165, 0.5002147227047836,phi,0.3530212544466895, 0.3270058936825718, 0.31997285187073865,count precision recall f1 iter,0,0.0,0.0,0,21,2016-11-17 02:25:55.544502
9123640,omega,0.5001463221126791, 0.49985367788732094,phi,0.3381129996618644, 0.3319553907046227, 0.3299316096335129,count precision recall f1 iter,1,0.2,0.16666666666666666,0.1818181818181818,15,2016-11-17 02:26:11.293406
979879,omega,0.500783842038231, 0.499216157961769,phi,0.34256471029556074, 0.3384595542877811, 0.31897573541665813,count precision recall f1 iter,1,0.2,0.08333333333333333,0.11764705882352941,13,2016-11-17 02:27:00.907440
4610321,omega,0.5008853983316124, 0.49911460166838756,phi,0.3340189932773137, 0.33012603414692543, 0.3358549725757609,count precision recall f1 iter,1,0.2,0.16666666666666666,0.1818181818181818,13,2016-11-17 02:27:25.035143
4061779,omega,0.5001865006290513, 0.4998134993709487,phi,0.33991189397771415, 0.33779426425530384, 0.3222938417669819,count precision recall f1 iter,1,0.2,0.25,0.22222222222222224,15,2016-11-17 02:27:33.649063
9630659,omega,0.5002833184625947, 0.49971668153740534,phi,0.33846125971855, 0.3379176803630446, 0.3236210599184055,count precision recall f1 iter,0,0.0,0.0,0,7,2016-11-17 02:27:42.938287
4332212,omega,0.5005893345606631, 0.499410665439337,phi,0.4517213567930109, 0.4420414907664123, 0.10623715244057685,count precision recall f1 iter,1,0.2,0.16666666666666666,0.1818181818181818,11,2016-11-17 02:28:06.876982
11108002,omega,0.5002269911849927, 0.49977300881500725,phi,0.33041457452278933, 0.33085218887483214, 0.3387332366023785,count precision recall f1 iter,0,0.0,0.0,0,9,2016-11-17 02:28:40.004126
13062406,omega,0.5012357570553742, 0.49876424294462585,phi,0.32859556311431776, 0.3225627598364072, 0.34884167704927505,count precision recall f1 iter,2,0.4,0.6666666666666666,0.5,16,2016-11-17 02:29:09.325179
3311689,omega,0.49976064628705175, 0.5002393537129481,phi,0.31234805105133995, 0.30720649068417877, 0.3804454582644812,count precision recall f1 iter,2,0.4,0.2857142857142857,0.3333333333333333,19,2016-11-17 02:31:09.556613
4535840,omega,0.5000083715045756, 0.4999916284954245,phi,0.32385263625564487, 0.3148607652481672, 0.36128659849618805,count precision recall f1 iter,0,0.0,0.0,0,15,2016-11-17 02:31:48.575943
107722,omega,0.499963390292932, 0.5000366097070679,phi,0.47890732789536417, 0.4778796996300287, 0.04321297247460725,count precision recall f1 iter,0,0.0,0.0,0,12,2016-11-17 02:31:48.670695
4493351,omega,0.500099625324997, 0.4999003746750031,phi,0.335350291014605, 0.3360165591419802, 0.3286331498434148,count precision recall f1 iter,1,0.2,0.14285714285714285,0.16666666666666666,24,2016-11-17 02:31:57.075058
7839955,omega,0.5021246534316118, 0.4978753465683882,phi,0.34054873822169224, 0.332238929981211, 0.32721233179709674,count precision recall f1 iter,0,0.0,0.0,0,24,2016-11-17 02:32:13.877264
9650811,omega,0.5002889052330978, 0.49971109476690223,phi,0.3395931745042183, 0.33634772171610433, 0.3240591037796774,count precision recall f1 iter,1,0.2,0.3333333333333333,0.25,9,2016-11-17 02:32:26.568533
4376929,omega,0.49991464527337093, 0.5000853547266292,phi,0.33254274585819144, 0.3344099539390831, 0.33304730020272544,count precision recall f1 iter,1,0.2,0.5,0.28571428571428575,19,2016-11-17 02:33:00.693833
4859597,omega,0.5001545896876453, 0.49984541031235474,phi,0.34270564965430467, 0.34626594969182584, 0.31102840065386944,count precision recall f1 iter,0,0.0,0.0,0,12,2016-11-17 02:33:04.869944
10606830,omega,0.5007912750846488, 0.4992087249153513,phi,0.21281606428444783, 0.20660479369053752, 0.5805791420250146,count precision recall f1 iter,0,0.0,0.0,0,12,2016-11-17 02:34:43.168996
10631238,omega,0.5003149135762679, 0.499685086423732,phi,0.3365064584054847, 0.3395277669228298, 0.32396577467168547,count precision recall f1 iter,0,0.0,0.0,0,18,2016-11-17 02:35:49.786765
11701167,omega,0.5014217117893045, 0.49857828821069555,phi,0.3301610614830274, 0.3269507538240696, 0.342888184692903,count precision recall f1 iter,1,0.2,0.2,0.20000000000000004,14,2016-11-17 02:37:03.654310
87487,omega,0.5018973553745847, 0.49810264462541526,phi,0.28820992644658794, 0.2852716030207679, 0.42651847053264424,count precision recall f1 iter,1,0.2,0.25,0.22222222222222224,16,2016-11-17 02:37:42.792449
3599703,omega,0.5006968978562091, 0.499303102143791,phi,0.3174756167492494, 0.321451497799117, 0.36107288545163363,count precision recall f1 iter,0,0.0,0.0,0,21,2016-11-17 02:38:26.556395
73158,omega,0.4999228375798103, 0.5000771624201897,phi,0.3345016670939923, 0.33671565168328016, 0.3287826812227275,count precision recall f1 iter,1,0.2,0.2,0.20000000000000004,16,2016-11-17 02:38:36.706402
752964,omega,0.4995275388171424, 0.5004724611828575,phi,0.31093057579128036, 0.31911695660298367, 0.36995246760573597,count precision recall f1 iter,1,0.2,0.16666666666666666,0.1818181818181818,23,2016-11-17 02:39:31.256046
11418806,omega,0.5002670626971506, 0.49973293730284934,phi,0.3430490164533709, 0.3389281942267353, 0.3180227893198938,count precision recall f1 iter,1,0.2,0.25,0.22222222222222224,19,2016-11-17 02:39:40.827013
377510,omega,0.500016318628942, 0.4999836813710579,phi,0.32816868244071135, 0.3271067256015098, 0.3447245919577789,count precision recall f1 iter,2,0.5,0.2,0.28571428571428575,7,2016-11-17 02:39:40.894693
11792499,omega,0.499984992940727, 0.500015007059273,phi,0.2975848834414249, 0.29663758765113324, 0.40577752890744184,count precision recall f1 iter,0,0.0,0.0,0,12,2016-11-17 02:42:10.781016
3676187,omega,0.5002006754439485, 0.49979932455605136,phi,0.3338053346748703, 0.33378031959706644, 0.3324143457280633,count precision recall f1 iter,0,0.0,0.0,0,7,2016-11-17 02:42:22.561361
355688,omega,0.5013339802231959, 0.4986660197768041,phi,0.3264987435111046, 0.32477226402335474, 0.3487289924655407,count precision recall f1 iter,0,0.0,0.0,0,11,2016-11-17 02:43:30.783885
571354,omega,0.5001898732629836, 0.4998101267370166,phi,0.10061127312285865, 0.09307239829226725, 0.8063163285848741,count precision recall f1 iter,1,0.2,0.16666666666666666,0.1818181818181818,25,2016-11-17 02:43:30.946318
7111844,omega,0.5008380839574811, 0.49916191604251897,phi,0.3456811531803296, 0.34746658905731825, 0.3068522577623522,count precision recall f1 iter,1,0.2,0.25,0.22222222222222224,9,2016-11-17 02:45:36.164001
4644604,omega,0.5005493914467608, 0.4994506085532393,phi,0.3067802016931146, 0.2986491877249683, 0.3945706105819171,count precision recall f1 iter,1,0.2,0.3333333333333333,0.25,14,2016-11-17 02:45:49.636849
11631791,omega,0.5003532145999459, 0.49964678540005425,phi,0.333786289362465, 0.3342104481181442, 0.33200326251939066,count precision recall f1 iter,1,0.2,0.3333333333333333,0.25,9,2016-11-17 02:46:15.811494
92127,omega,0.5007326040450577, 0.4992673959549423,phi,0.3609450533143279, 0.36116762424925547, 0.27788732243641656,count precision recall f1 iter,2,0.4,0.13333333333333333,0.2,14,2016-11-17 02:47:19.373117
11850677,omega,0.5006478417521798, 0.49935215824782014,phi,0.33095602228790444, 0.3287824112773503, 0.34026156643474526,count precision recall f1 iter,1,0.2,0.25,0.22222222222222224,13,2016-11-17 02:49:00.912290
5125677,omega,0.5007947947869562, 0.49920520521304385,phi,0.30350375481235065, 0.3012000289316363, 0.395296216256013,count precision recall f1 iter,1,0.2,0.25,0.22222222222222224,10,2016-11-17 02:49:17.460821
4436943,omega,0.5001022719594175, 0.4998977280405826,phi,0.3514264847608925, 0.3265522288246352, 0.3220212864144723,count precision recall f1 iter,1,0.2,0.5,0.28571428571428575,20,2016-11-17 02:49:36.220737
11876537,omega,0.5004922361373616, 0.4995077638626383,phi,0.3385032118354905, 0.3330997400164557, 0.3283970481480538,count precision recall f1 iter,0,0.0,0.0,0,14,2016-11-17 02:51:45.645106
4688448,omega,0.500257793742231, 0.49974220625776905,phi,0.3797871620863398, 0.3850044886300721, 0.23520834928358805,count precision recall f1 iter,0,0.0,0.0,0,19,2016-11-17 02:52:28.026376
638237,omega,0.500016163257518, 0.4999838367424821,phi,0.3324343364222421, 0.334219840067369, 0.3333458235103889,count precision recall f1 iter,1,0.2,0.3333333333333333,0.25,6,2016-11-17 02:52:28.112104
7834486,omega,0.5005771004000648, 0.49942289959993524,phi,0.3292639599580641, 0.3304891405646662, 0.3402468994772697,count precision recall f1 iter,1,0.2,0.16666666666666666,0.1818181818181818,14,2016-11-17 02:54:07.951253
13060669,omega,0.5010079899088123, 0.49899201009118777,phi,0.3457858089416419, 0.3475261964146526, 0.30668799464370555,count precision recall f1 iter,0,0.0,0.0,0,15,2016-11-17 02:54:46.622148
13063697,omega,0.5005398689602572, 0.49946013103974285,phi,0.3283864625500069, 0.32672262630851556, 0.3448909111414774,count precision recall f1 iter,1,0.2,0.3333333333333333,0.25,10,2016-11-17 02:55:25.702131
13109,omega,0.5001285895684296, 0.49987141043157035,phi,0.49127171815863885, 0.4917487074629164, 0.016979574378444648,count precision recall f1 iter,0,0.0,0.0,0,13,2016-11-17 02:56:12.591894
1227358,omega,0.5002623829343325, 0.4997376170656676,phi,0.3803137736136069, 0.38205751742515387, 0.23762870896123925,count precision recall f1 iter,4,0.8,0.5714285714285714,0.6666666666666666,19,2016-11-17 02:56:32.003547
3944939,omega,0.499860279377466, 0.500139720622534,phi,0.3380649644797378, 0.3342317903327956, 0.32770324518746663,count precision recall f1 iter,0,0.0,0.0,0,18,2016-11-17 02:56:51.982205
8158094,omega,0.49993272078026124, 0.5000672792197387,phi,0.3368340210974663, 0.33472348990607137, 0.3284424889964623,count precision recall f1 iter,0,0.0,0.0,0,15,2016-11-17 02:57:23.873064
1059530,omega,0.5001222897968691, 0.4998777102031309,phi,0.3379784653654547, 0.34555979783355156, 0.3164617368009937,count precision recall f1 iter,1,0.2,0.16666666666666666,0.1818181818181818,20,2016-11-17 02:58:26.286642
825450,omega,0.49972061859678485, 0.500279381403215,phi,0.3384042098540013, 0.338331938800162, 0.3232638513458367,count precision recall f1 iter,0,0.0,0.0,0,16,2016-11-17 03:00:40.135785
102635,omega,0.5000561463415103, 0.4999438536584896,phi,0.2437220946703601, 0.24629816024242857, 0.5099797450872113,count precision recall f1 iter,1,0.2,0.25,0.22222222222222224,13,2016-11-17 03:00:40.345843
4587855,omega,0.5003835114823312, 0.49961648851766877,phi,0.3359544054329496, 0.334027407984312, 0.33001818658273846,count precision recall f1 iter,0,0.0,0.0,0,13,2016-11-17 03:01:56.362127
285980,omega,0.4999958363591991, 0.5000041636408009,phi,0.18272174950654824, 0.1805206240339687, 0.6367576264594831,count precision recall f1 iter,1,0.25,0.2,0.22222222222222224,15,2016-11-17 03:01:56.436325
11820997,omega,0.5000024130200929, 0.4999975869799072,phi,0.33649150215307755, 0.32799908406979816, 0.3355094137771243,count precision recall f1 iter,0,0.0,0.0,0,9,2016-11-17 03:01:56.502501
9848499,omega,0.5007405338660931, 0.49925946613390687,phi,0.29090598839524895, 0.281662060282313, 0.42743195132243805,count precision recall f1 iter,1,0.2,0.3333333333333333,0.25,17,2016-11-17 03:02:52.576701
11848994,omega,0.4998698279868923, 0.5001301720131077,phi,0.33737101175487155, 0.33931182882200445, 0.323317159423124,count precision recall f1 iter,1,0.2,0.25,0.22222222222222224,22,2016-11-17 03:03:03.659189
40426,omega,0.5008639775604845, 0.49913602243951555,phi,0.25027400763347857, 0.2483536182217105, 0.5013723741448108,count precision recall f1 iter,1,0.2,0.25,0.22222222222222224,12,2016-11-17 03:03:35.234203
4539766,omega,0.500592629517463, 0.4994073704825371,phi,0.2932684322337004, 0.2846387535189426, 0.4220928142473569,count precision recall f1 iter,1,0.2,0.2,0.20000000000000004,16,2016-11-17 03:03:45.494002
13526913,omega,0.5003732689226209, 0.499626731077379,phi,0.3363858835297383, 0.334318492937211, 0.32929562353305064,count precision recall f1 iter,1,0.2,0.2,0.20000000000000004,15,2016-11-17 03:05:08.496362
13062191,omega,0.5004955559137012, 0.4995044440862988,phi,0.3310995874680309, 0.3277341600271805, 0.34116625250478855,count precision recall f1 iter,1,0.2,0.3333333333333333,0.25,13,2016-11-17 03:07:09.660768
13064296,omega,0.4992217906104977, 0.5007782093895022,phi,0.30753257823328334, 0.3132991773194443, 0.37916824444727243,count precision recall f1 iter,2,0.4,0.4,0.4000000000000001,24,2016-11-17 03:08:17.989587
4750029,omega,0.5005620780387543, 0.49943792196124587,phi,0.33330778462988964, 0.3355632326568237, 0.33112898271328667,count precision recall f1 iter,0,0.0,0.0,0,23,2016-11-17 03:08:39.054135
9944113,omega,0.49986206901091657, 0.5001379309890834,phi,0.3248180293074172, 0.3218254733961157, 0.35335649729646695,count precision recall f1 iter,1,0.2,0.3333333333333333,0.25,17,2016-11-17 03:11:34.880991
10119,omega,0.5000577599971551, 0.499942240002845,phi,0.30596653636425813, 0.3054243711130253, 0.3886090925227166,count precision recall f1 iter,0,0.0,0.0,0,6,2016-11-17 03:12:07.568982
740593,omega,0.5017752443326707, 0.4982247556673292,phi,0.21261196423352385, 0.2139991967406901, 0.5733888390257861,count precision recall f1 iter,0,0.0,0.0,0,19,2016-11-17 03:14:00.976741
