[[ 0.88  0.12]],features-ngrams-topics,7,2,5,0.152099105299381,0.150237933378654,0.151162790697674,0.320547945205479,top4,0.152054794520548,0.155981735159818,0.153993233940763
[[ 0.94  0.06]],features-ngrams-topics,7,2,5,0.15130674002751,0.149558123725357,0.15042735042735,0.320547945205479,top4,0.151369863013699,0.154448793215917,0.152893829042078
[[ 0.88  0.12]],features-ngrams-topics,7,2,5,0.149346180316586,0.147518694765466,0.148426812585499,0.329223744292237,top4,0.149315068493151,0.15658838878017,0.152865261506689
[[ 0.6  0.4]],features-ngrams-topics,7,2,5,0.149243466299862,0.147518694765466,0.148376068376068,0.32351598173516,top4,0.149315068493151,0.152195042400522,0.150741300933459
[[ 0.4  0.6]],features-ngrams-topics,7,2,5,0.148555708390647,0.146838885112169,0.147692307692308,0.321232876712329,top4,0.148630136986301,0.151647097195042,0.150123461015111
[[ 0.8  0.2]],features-ngrams-topics,7,2,5,0.147867950481431,0.146159075458872,0.147008547008547,0.322602739726027,top4,0.147945205479452,0.149363992172211,0.148651213535879
[[ 0.75  0.25]],features-ngrams-topics,7,2,5,0.147281486579491,0.145479265805574,0.146374829001368,0.317579908675799,top4,0.147260273972603,0.15264514024788,0.149904363893634
[[ 0.2  0.8]],features-ngrams-topics,7,2,5,0.147180192572215,0.145479265805574,0.146324786324786,0.317808219178082,top4,0.147260273972603,0.1503228962818,0.148775825406313
[[ 0.78  0.22]],features-ngrams-topics,7,2,5,0.147180192572215,0.145479265805574,0.146324786324786,0.327625570776255,top4,0.147260273972603,0.15250815394651,0.149838278094309
[[ 0.95  0.05]],features-ngrams-topics,7,2,5,0.146694214876033,0.144799456152277,0.145740677386247,0.309360730593607,top4,0.146575342465753,0.15305609915199,0.149745634360334
[[ 0.86  0.14]],features-ngrams-topics,7,2,5,0.146593255333792,0.144799456152277,0.145690834473324,0.32945205479452,top4,0.146575342465753,0.151568819308545,0.149030264185405
[[ 0.86  0.14]],features-ngrams-topics,7,2,5,0.146593255333792,0.144799456152277,0.145690834473324,0.317808219178082,top4,0.146575342465753,0.152462491846054,0.149460967084292
[[ 0.77  0.23]],features-ngrams-topics,7,2,5,0.146593255333792,0.144799456152277,0.145690834473324,0.308904109589041,top4,0.146575342465753,0.151480756686236,0.14898768286526
[[ 0.83  0.17]],features-ngrams-topics,7,2,5,0.145905024088094,0.14411964649898,0.14500683994528,0.316438356164383,top4,0.145890410958904,0.149931506849315,0.147883357068322
[[ 0.68  0.32]],features-ngrams-topics,7,2,5,0.145905024088094,0.14411964649898,0.14500683994528,0.314840182648402,top4,0.145890410958904,0.151317677756034,0.148554491155511
[[ 0.84  0.16]],features-ngrams-topics,7,2,5,0.145905024088094,0.14411964649898,0.14500683994528,0.330365296803653,top4,0.145890410958904,0.151118721461187,0.148458548718116
[[ 0.16  0.84]],features-ngrams-topics,7,2,5,0.145905024088094,0.14411964649898,0.14500683994528,0.321461187214612,top4,0.145890410958904,0.155084801043705,0.150347167842845
[[ 0.91  0.09]],features-ngrams-topics,7,2,5,0.145905024088094,0.14411964649898,0.14500683994528,0.320776255707762,top4,0.145890410958904,0.154797782126549,0.150212163758296
[[ 0.74  0.26]],features-ngrams-topics,7,2,5,0.145804676753783,0.14411964649898,0.144957264957265,0.324200913242009,top4,0.145890410958904,0.151320939334638,0.148556062912227
[[ 0.97  0.03]],features-ngrams-topics,7,2,5,0.145804676753783,0.14411964649898,0.144957264957265,0.309817351598173,top4,0.145890410958904,0.147690802348337,0.146785086189421
[[ 0.55  0.45]],features-ngrams-topics,7,2,5,0.145216792842395,0.143439836845683,0.144322845417237,0.321461187214612,top4,0.145205479452055,0.151777560339204,0.148418801522187
[[ 0.48  0.52]],features-ngrams-topics,7,2,5,0.145216792842395,0.143439836845683,0.144322845417237,0.320319634703196,top4,0.145205479452055,0.152067840834964,0.148557453567379
[[ 0.82  0.18]],features-ngrams-topics,7,2,5,0.145116918844567,0.143439836845683,0.144273504273504,0.317579908675799,top4,0.145205479452055,0.149810828440966,0.147472208070397
[[ 0.45  0.55]],features-ngrams-topics,7,2,5,0.145116918844567,0.143439836845683,0.144273504273504,0.320091324200913,top4,0.145205479452055,0.1496771037182,0.147407387542097
[[ 0.76  0.24]],features-ngrams-topics,7,2,5,0.145116918844567,0.143439836845683,0.144273504273504,0.316438356164383,top4,0.145205479452055,0.149924983692107,0.147527496192218
[[ 0.58  0.42]],features-ngrams-topics,7,2,5,0.145116918844567,0.143439836845683,0.144273504273504,0.320776255707762,top4,0.145205479452055,0.150929549902153,0.148012193659207
[[ 0.65  0.35]],features-ngrams-topics,7,2,5,0.144628099173554,0.142760027192386,0.143687991789258,0.31986301369863,top4,0.144520547945205,0.149083496412264,0.146766565414577
[[ 0.7  0.3]],features-ngrams-topics,7,2,5,0.144528561596697,0.142760027192386,0.143638850889193,0.337442922374429,top4,0.144520547945205,0.151131767775603,0.147752239569693
[[ 0.35  0.65]],features-ngrams-topics,7,2,5,0.144528561596697,0.142760027192386,0.143638850889193,0.319178082191781,top4,0.144520547945205,0.151320939334638,0.147842584684809
[[ 0.57  0.43]],features-ngrams-topics,7,2,5,0.144528561596697,0.142760027192386,0.143638850889193,0.304794520547945,top4,0.144520547945205,0.150472928897587,0.147436684823972
[[ 0.63  0.37]],features-ngrams-topics,7,2,5,0.144528561596697,0.142760027192386,0.143638850889193,0.314611872146119,top4,0.144520547945205,0.149794520547945,0.1471102808267
[[ 0.66  0.34]],features-ngrams-topics,7,2,5,0.144528561596697,0.142760027192386,0.143638850889193,0.319634703196347,top4,0.144520547945205,0.152071102413568,0.148199715135981
[[ 0.68  0.32]],features-ngrams-topics,7,2,5,0.144528561596697,0.142760027192386,0.143638850889193,0.318264840182648,top4,0.144520547945205,0.151382909328115,0.147872155379586
[[ 0.99  0.01]],features-ngrams-topics,7,2,5,0.144528561596697,0.142760027192386,0.143638850889193,0.314611872146119,top4,0.144520547945205,0.151862361382909,0.148100521241688
[[ 0.55  0.45]],features-ngrams-topics,7,2,5,0.144429160935351,0.142760027192386,0.143589743589744,0.322602739726027,top4,0.144520547945205,0.148535551206784,0.146500545880905
[[ 0.8  0.2]],features-ngrams-topics,7,2,5,0.144429160935351,0.142760027192386,0.143589743589744,0.328082191780822,top4,0.144520547945205,0.150198956294847,0.147305048714039
[[ 0.87  0.13]],features-ngrams-topics,7,2,5,0.144429160935351,0.142760027192386,0.143589743589744,0.303196347031963,top4,0.144520547945205,0.149422700587084,0.146930747156968
[[ 0.62  0.38]],features-ngrams-topics,7,2,5,0.144429160935351,0.142760027192386,0.143589743589744,0.313013698630137,top4,0.144520547945205,0.149334637964775,0.146888159479204
[[ 0.5  0.5]],features-ngrams-topics,7,2,5,0.143939393939394,0.142080217539089,0.143003763256928,0.310730593607306,top4,0.143835616438356,0.148786692759296,0.146269269281191
[[ 0.71  0.29]],features-ngrams-topics,7,2,5,0.143939393939394,0.142080217539089,0.143003763256928,0.325570776255708,top4,0.143835616438356,0.148900848010437,0.146324410265067
[[ 0.74  0.26]],features-ngrams-topics,7,2,5,0.143939393939394,0.142080217539089,0.143003763256928,0.308219178082192,top4,0.143835616438356,0.1517742987606,0.147698359894575
[[ 0.45  0.55]],features-ngrams-topics,7,2,5,0.143840330350998,0.142080217539089,0.142954856361149,0.315981735159817,top4,0.143835616438356,0.151046966731898,0.147353114839493
[[ 0.47  0.53]],features-ngrams-topics,7,2,5,0.143741403026135,0.142080217539089,0.142905982905983,0.302511415525114,top4,0.143835616438356,0.151200260926288,0.147426021067221
[[ 0.88  0.12]],features-ngrams-topics,7,2,5,0.143741403026135,0.142080217539089,0.142905982905983,0.315296803652968,top4,0.143835616438356,0.148858447488585,0.146303934349155
[[ 0.54  0.46]],features-ngrams-topics,7,2,5,0.143741403026135,0.142080217539089,0.142905982905983,0.321461187214612,top4,0.143835616438356,0.149768427919113,0.146742080477074
[[ 0.3  0.7]],features-ngrams-topics,7,2,5,0.143250688705234,0.141400407885792,0.142319534724598,0.309132420091324,top4,0.143150684931507,0.148467058056099,0.145760411096794
[[ 0.51  0.49]],features-ngrams-topics,7,2,5,0.143250688705234,0.141400407885792,0.142319534724598,0.322602739726027,top4,0.143150684931507,0.1505642530985,0.146763907221151
[[ 0.65  0.35]],features-ngrams-topics,7,2,5,0.143152099105299,0.141400407885792,0.142270861833105,0.317123287671233,top4,0.143150684931507,0.149448793215917,0.146231956710918
[[ 0.46  0.54]],features-ngrams-topics,7,2,5,0.143152099105299,0.141400407885792,0.142270861833105,0.315981735159817,top4,0.143150684931507,0.15029028049576,0.146633627381852
[[ 0.87  0.13]],features-ngrams-topics,7,2,5,0.143152099105299,0.141400407885792,0.142270861833105,0.317351598173516,top4,0.143150684931507,0.152733202870189,0.147786773825979
[[ 0.5  0.5]],features-ngrams-topics,7,2,5,0.143152099105299,0.141400407885792,0.142270861833105,0.334931506849315,top4,0.143150684931507,0.152410306588389,0.147635448551946
[[ 0.81  0.19]],features-ngrams-topics,7,2,5,0.143053645116919,0.141400407885792,0.142222222222222,0.315296803652968,top4,0.143150684931507,0.148692106979778,0.145868786538573
[[ 0.42  0.58]],features-ngrams-topics,7,2,5,0.143053645116919,0.141400407885792,0.142222222222222,0.315753424657534,top4,0.143150684931507,0.148878016960209,0.14595818808934
[[ 0.52  0.48]],features-ngrams-topics,7,2,5,0.143053645116919,0.141400407885792,0.142222222222222,0.313470319634703,top4,0.143150684931507,0.147139595564253,0.145117734218286
[[ 0.35  0.65]],features-ngrams-topics,7,2,5,0.143053645116919,0.141400407885792,0.142222222222222,0.316438356164383,top4,0.143150684931507,0.148124592302675,0.145595170621228
[[ 0.37  0.63]],features-ngrams-topics,7,2,5,0.143053645116919,0.141400407885792,0.142222222222222,0.3,top4,0.143150684931507,0.151565557729941,0.147237988684531
[[ 0.57  0.43]],features-ngrams-topics,7,2,5,0.143053645116919,0.141400407885792,0.142222222222222,0.304566210045662,top4,0.143150684931507,0.150287018917156,0.146632074966076
[[ 0.38  0.62]],features-ngrams-topics,7,2,5,0.143053645116919,0.141400407885792,0.142222222222222,0.323287671232877,top4,0.143150684931507,0.149305283757339,0.146163224020199
[[ 0.86  0.14]],features-ngrams-topics,7,2,5,0.143053645116919,0.141400407885792,0.142222222222222,0.323059360730593,top4,0.143150684931507,0.14892694063927,0.145981695897478
[[ 0.76  0.24]],features-ngrams-topics,7,2,5,0.142561983471074,0.140720598232495,0.141635306192268,0.318721461187214,top4,0.142465753424658,0.145841487279844,0.144133857444054
[[ 0.45  0.55]],features-ngrams-topics,7,2,5,0.142561983471074,0.140720598232495,0.141635306192268,0.320319634703196,top4,0.142465753424658,0.147622309197652,0.144998200284535
[[ 0.9  0.1]],features-ngrams-topics,7,2,5,0.142561983471074,0.140720598232495,0.141635306192268,0.311872146118721,top4,0.142465753424658,0.14691128506197,0.144654372180987
[[ 0.3  0.7]],features-ngrams-topics,7,2,5,0.142463867859601,0.140720598232495,0.141586867305062,0.331963470319635,top4,0.142465753424658,0.153003913894325,0.147546907726024
[[ 0.15  0.85]],features-ngrams-topics,7,2,5,0.142463867859601,0.140720598232495,0.141586867305062,0.317579908675799,top4,0.142465753424658,0.149240052185258,0.14577424286262
[[ 0.43  0.57]],features-ngrams-topics,7,2,5,0.142463867859601,0.140720598232495,0.141586867305062,0.312328767123288,top4,0.142465753424658,0.14899217221135,0.145655891992967
[[ 0.53  0.47]],features-ngrams-topics,7,2,5,0.142463867859601,0.140720598232495,0.141586867305062,0.326027397260274,top4,0.142465753424658,0.148698630136986,0.145515479033136
[[ 0.54  0.46]],features-ngrams-topics,7,2,5,0.142463867859601,0.140720598232495,0.141586867305062,0.309360730593607,top4,0.142465753424658,0.151474233529028,0.146831950479305
[[ 0.25  0.75]],features-ngrams-topics,7,2,5,0.142365887207703,0.140720598232495,0.141538461538462,0.317123287671233,top4,0.142465753424658,0.146983039791259,0.144689147063659
[[ 0.27  0.73]],features-ngrams-topics,7,2,5,0.142365887207703,0.140720598232495,0.141538461538462,0.299543378995434,top4,0.142465753424658,0.151474233529028,0.146831950479305
[[ 0.56  0.44]],features-ngrams-topics,7,2,5,0.142365887207703,0.140720598232495,0.141538461538462,0.308447488584475,top4,0.142465753424658,0.147230919765166,0.14480914593041
[[ 0.11  0.89]],features-ngrams-topics,7,2,5,0.142365887207703,0.140720598232495,0.141538461538462,0.305936073059361,top4,0.142465753424658,0.151643835616438,0.146911587369442
[[ 0.85  0.15]],features-ngrams-topics,7,2,5,0.141873278236915,0.140040788579198,0.140951077659938,0.312557077625571,top4,0.141780821917808,0.145704500978474,0.143715885720573
[[ 0.73  0.27]],features-ngrams-topics,7,2,5,0.141775636613902,0.140040788579198,0.140902872777018,0.302283105022831,top4,0.141780821917808,0.147478799739074,0.144573690048317
[[ 0.85  0.15]],features-ngrams-topics,7,2,5,0.141775636613902,0.140040788579198,0.140902872777018,0.320776255707763,top4,0.141780821917808,0.145247879973908,0.143493411417014
[[ 0.25  0.75]],features-ngrams-topics,7,2,5,0.141775636613902,0.140040788579198,0.140902872777018,0.315296803652968,top4,0.141780821917808,0.149220482713634,0.145405552135969
[[ 0.66  0.34]],features-ngrams-topics,7,2,5,0.141775636613902,0.140040788579198,0.140902872777018,0.324657534246575,top4,0.141780821917808,0.14718525766471,0.144432501115951
[[ 0.28  0.72]],features-ngrams-topics,7,2,5,0.141775636613902,0.140040788579198,0.140902872777018,0.314383561643835,top4,0.141780821917808,0.148551859099804,0.145087384629022
[[ 0.89  0.11]],features-ngrams-topics,7,2,5,0.141775636613902,0.140040788579198,0.140902872777018,0.310502283105023,top4,0.141780821917808,0.148078930202218,0.144861453024956
[[ 0.73  0.27]],features-ngrams-topics,7,2,5,0.141775636613902,0.140040788579198,0.140902872777018,0.327397260273972,top4,0.141780821917808,0.147557077625571,0.144611292046839
[[ 0.58  0.42]],features-ngrams-topics,7,2,5,0.141775636613902,0.140040788579198,0.140902872777018,0.314155251141552,top4,0.141780821917808,0.15070123939987,0.146104998644267
[[ 0.18  0.82]],features-ngrams-topics,7,2,5,0.141775636613902,0.140040788579198,0.140902872777018,0.315525114155251,top4,0.141780821917808,0.151797129810829,0.146618107406355
[[ 0.92  0.08]],features-ngrams-topics,7,2,5,0.141775636613902,0.140040788579198,0.140902872777018,0.295433789954338,top4,0.141780821917808,0.146454664057404,0.144079848971413
[[ 0.23  0.77]],features-ngrams-topics,7,2,5,0.141775636613902,0.140040788579198,0.140902872777018,0.313698630136986,top4,0.141780821917808,0.15013698630137,0.145839306261772
[[ 0.96  0.04]],features-ngrams-topics,7,2,5,0.141775636613902,0.140040788579198,0.140902872777018,0.301598173515982,top4,0.141780821917808,0.146647097195042,0.144172908337898
[[ 0.27  0.73]],features-ngrams-topics,7,2,5,0.141678129298487,0.140040788579198,0.140854700854701,0.3162100456621,top4,0.141780821917808,0.149514024787997,0.145544774048757
[[ 0.71  0.29]],features-ngrams-topics,7,2,5,0.141678129298487,0.140040788579198,0.140854700854701,0.318493150684931,top4,0.141780821917808,0.152136333985649,0.146776151325665
[[ 0.34  0.66]],features-ngrams-topics,7,2,5,0.141678129298487,0.140040788579198,0.140854700854701,0.317808219178082,top4,0.141780821917808,0.148398564905414,0.145014232293009
[[ 0.83  0.17]],features-ngrams-topics,7,2,5,0.141678129298487,0.140040788579198,0.140854700854701,0.315981735159817,top4,0.141780821917808,0.147413568166993,0.144542339499908
[[ 0.1  0.9]],features-ngrams-topics,7,2,5,0.141184573002755,0.139360978925901,0.140266849127609,0.306164383561644,top4,0.141095890410959,0.145727332028702,0.143374218411682
[[ 0.27  0.73]],features-ngrams-topics,7,2,5,0.141184573002755,0.139360978925901,0.140266849127609,0.313926940639269,top4,0.141095890410959,0.150655577299413,0.145719114911462
[[ 0.1  0.9]],features-ngrams-topics,7,2,5,0.141087405368204,0.139360978925901,0.140218878248974,0.330365296803653,top4,0.141095890410959,0.1514514024788,0.146090365599707
[[ 0.19  0.81]],features-ngrams-topics,7,2,5,0.141087405368204,0.139360978925901,0.140218878248974,0.319406392694064,top4,0.141095890410959,0.149471624266145,0.145163040269249
[[ 0.81  0.19]],features-ngrams-topics,7,2,5,0.141087405368204,0.139360978925901,0.140218878248974,0.308675799086758,top4,0.141095890410959,0.147005870841487,0.14399026338366
[[ 0.41  0.59]],features-ngrams-topics,7,2,5,0.141087405368204,0.139360978925901,0.140218878248974,0.300228310502283,top4,0.141095890410959,0.148604044357469,0.144752672961746
[[ 0.82  0.18]],features-ngrams-topics,7,2,5,0.141087405368204,0.139360978925901,0.140218878248974,0.31027397260274,top4,0.141095890410959,0.148666014350946,0.14478206640677
[[ 0.59  0.41]],features-ngrams-topics,7,2,5,0.141087405368204,0.139360978925901,0.140218878248974,0.3,top4,0.141095890410959,0.148183300717547,0.144552773928971
[[ 0.61  0.39]],features-ngrams-topics,7,2,5,0.141087405368204,0.139360978925901,0.140218878248974,0.309817351598173,top4,0.141095890410959,0.144924983692107,0.142984806133157
[[ 0.23  0.77]],features-ngrams-topics,7,2,5,0.141087405368204,0.139360978925901,0.140218878248974,0.303652968036529,top4,0.141095890410959,0.147622309197652,0.144285335590208
[[ 0.78  0.22]],features-ngrams-topics,7,2,5,0.141087405368204,0.139360978925901,0.140218878248974,0.313470319634703,top4,0.141095890410959,0.149377038486628,0.145118420034618
[[ 0.64  0.36]],features-ngrams-topics,7,2,5,0.141087405368204,0.139360978925901,0.140218878248974,0.320319634703196,top4,0.141095890410959,0.148470319634703,0.14468920213553
[[ 0.93  0.07]],features-ngrams-topics,7,2,5,0.141087405368204,0.139360978925901,0.140218878248974,0.291780821917808,top4,0.141095890410959,0.147596216568819,0.144272871301778
[[ 0.14  0.86]],features-ngrams-topics,7,2,5,0.140990371389271,0.139360978925901,0.14017094017094,0.312785388127854,top4,0.141095890410959,0.147778864970646,0.144360074035614
[[ 0.54  0.46]],features-ngrams-topics,7,2,5,0.140990371389271,0.139360978925901,0.14017094017094,0.31689497716895,top4,0.141095890410959,0.1505642530985,0.145676382788345
[[ 0.87  0.13]],features-ngrams-topics,7,2,5,0.140990371389271,0.139360978925901,0.14017094017094,0.315753424657534,top4,0.141095890410959,0.1458871493803,0.143451524217613
[[ 0.47  0.53]],features-ngrams-topics,7,2,5,0.140990371389271,0.139360978925901,0.14017094017094,0.322374429223744,top4,0.141095890410959,0.148078930202218,0.144503096526047
[[ 0.68  0.32]],features-ngrams-topics,7,2,5,0.140990371389271,0.139360978925901,0.14017094017094,0.310958904109589,top4,0.141095890410959,0.146735159817352,0.143860282013363
[[ 0.7  0.3]],features-ngrams-topics,7,2,5,0.140495867768595,0.138681169272604,0.139582620595279,0.312785388127854,top4,0.14041095890411,0.144631441617743,0.142489954954433
[[ 0.31  0.69]],features-ngrams-topics,7,2,5,0.140495867768595,0.138681169272604,0.139582620595279,0.315981735159817,top4,0.14041095890411,0.147961513372472,0.144087386771135
[[ 0.53  0.47]],features-ngrams-topics,7,2,5,0.140399174122505,0.138681169272604,0.13953488372093,0.300456621004566,top4,0.14041095890411,0.146656881930855,0.143465972098467
[[ 0.57  0.43]],features-ngrams-topics,7,2,5,0.140399174122505,0.138681169272604,0.13953488372093,0.308219178082192,top4,0.14041095890411,0.149155251141553,0.144651075379728
[[ 0.79  0.21]],features-ngrams-topics,7,2,5,0.140399174122505,0.138681169272604,0.13953488372093,0.294748858447488,top4,0.14041095890411,0.146754729288976,0.143512774056231
[[ 0.81  0.19]],features-ngrams-topics,7,2,5,0.140399174122505,0.138681169272604,0.13953488372093,0.303652968036529,top4,0.14041095890411,0.144354207436399,0.142355281360157
[[ 0.82  0.18]],features-ngrams-topics,7,2,5,0.140399174122505,0.138681169272604,0.13953488372093,0.314383561643836,top4,0.14041095890411,0.145202217873451,0.142766400882779
[[ 0.84  0.16]],features-ngrams-topics,7,2,5,0.140399174122505,0.138681169272604,0.13953488372093,0.317351598173516,top4,0.14041095890411,0.143199608610568,0.141791573818295
[[ 0.33  0.67]],features-ngrams-topics,7,2,5,0.140399174122505,0.138681169272604,0.13953488372093,0.323287671232877,top4,0.14041095890411,0.146917808219178,0.143590706483583
[[ 0.34  0.66]],features-ngrams-topics,7,2,5,0.140399174122505,0.138681169272604,0.13953488372093,0.309360730593607,top4,0.14041095890411,0.149484670580561,0.144805811491487
[[ 0.48  0.52]],features-ngrams-topics,7,2,5,0.140399174122505,0.138681169272604,0.13953488372093,0.315296803652968,top4,0.14041095890411,0.148277886497065,0.144237233679018
[[ 0.53  0.47]],features-ngrams-topics,7,2,5,0.140399174122505,0.138681169272604,0.13953488372093,0.311415525114155,top4,0.14041095890411,0.149442270058709,0.144785914684027
[[ 0.37  0.63]],features-ngrams-topics,7,2,5,0.140399174122505,0.138681169272604,0.13953488372093,0.299086757990867,top4,0.14041095890411,0.147067840834964,0.143662326226052
[[ 0.39  0.61]],features-ngrams-topics,7,2,5,0.140399174122505,0.138681169272604,0.13953488372093,0.320776255707762,top4,0.14041095890411,0.149334637964775,0.144735381250474
[[ 0.61  0.39]],features-ngrams-topics,7,2,5,0.140399174122505,0.138681169272604,0.13953488372093,0.302283105022831,top4,0.14041095890411,0.147005870841487,0.143632753222261
[[ 0.18  0.82]],features-ngrams-topics,7,2,5,0.140302613480055,0.138681169272604,0.13948717948718,0.318493150684931,top4,0.14041095890411,0.146930854533594,0.143596937256297
[[ 0.6  0.4]],features-ngrams-topics,7,2,5,0.140302613480055,0.138681169272604,0.13948717948718,0.31986301369863,top4,0.14041095890411,0.1476614481409,0.143944959805843
[[ 0.66  0.34]],features-ngrams-topics,7,2,5,0.140302613480055,0.138681169272604,0.13948717948718,0.318721461187214,top4,0.14041095890411,0.145776255707763,0.143043314336297
[[ 0.2  0.8]],features-ngrams-topics,7,2,5,0.140302613480055,0.138681169272604,0.13948717948718,0.319406392694064,top4,0.14041095890411,0.148489889106328,0.144337462908597
[[ 0.55  0.45]],features-ngrams-topics,7,2,5,0.139807162534435,0.138001359619307,0.138898392062949,0.300684931506849,top4,0.13972602739726,0.149970645792564,0.144667195049671
[[ 0.78  0.22]],features-ngrams-topics,7,2,5,0.139807162534435,0.138001359619307,0.138898392062949,0.312785388127854,top4,0.13972602739726,0.150929549902153,0.145111864844487
[[ 0.19  0.81]],features-ngrams-topics,7,2,5,0.139710942876807,0.138001359619307,0.138850889192886,0.300228310502283,top4,0.13972602739726,0.149507501630789,0.144451366611329
[[ 0.26  0.74]],features-ngrams-topics,7,2,5,0.139710942876807,0.138001359619307,0.138850889192886,0.317808219178082,top4,0.13972602739726,0.146317677756034,0.142945902898906
[[ 0.76  0.24]],features-ngrams-topics,7,2,5,0.139710942876807,0.138001359619307,0.138850889192886,0.320091324200913,top4,0.13972602739726,0.14602413568167,0.142805674461032
[[ 0.14  0.86]],features-ngrams-topics,7,2,5,0.139710942876807,0.138001359619307,0.138850889192886,0.319634703196347,top4,0.13972602739726,0.145198956294847,0.142409928974364
[[ 0.89  0.11]],features-ngrams-topics,7,2,5,0.139710942876807,0.138001359619307,0.138850889192886,0.311872146118721,top4,0.13972602739726,0.142416829745597,0.141058597452202
[[ 0.28  0.72]],features-ngrams-topics,7,2,5,0.139710942876807,0.138001359619307,0.138850889192886,0.312785388127854,top4,0.13972602739726,0.146813437703849,0.14318208077659
[[ 0.43  0.57]],features-ngrams-topics,7,2,5,0.139710942876807,0.138001359619307,0.138850889192886,0.315068493150685,top4,0.13972602739726,0.148757338551859,0.144100315064312
[[ 0.33  0.67]],features-ngrams-topics,7,2,5,0.139710942876807,0.138001359619307,0.138850889192886,0.31689497716895,top4,0.13972602739726,0.148757338551859,0.144100315064312
[[ 0.59  0.41]],features-ngrams-topics,7,2,5,0.139710942876807,0.138001359619307,0.138850889192886,0.315981735159817,top4,0.13972602739726,0.147325505544684,0.143425171174509
[[ 0.69  0.31]],features-ngrams-topics,7,2,5,0.139710942876807,0.138001359619307,0.138850889192886,0.320776255707762,top4,0.13972602739726,0.148300717547293,0.143885736215471
[[ 0.22  0.78]],features-ngrams-topics,7,2,5,0.139614855570839,0.138001359619307,0.138803418803419,0.304794520547945,top4,0.13972602739726,0.143330071754729,0.141505105121222
[[ 0.42  0.58]],features-ngrams-topics,7,2,5,0.139614855570839,0.138001359619307,0.138803418803419,0.309132420091324,top4,0.13972602739726,0.144536855838226,0.142090732697139
[[ 0.56  0.44]],features-ngrams-topics,7,2,5,0.139614855570839,0.138001359619307,0.138803418803419,0.303424657534246,top4,0.13972602739726,0.147005870841487,0.143273535054357
[[ 0.36  0.64]],features-ngrams-topics,7,2,5,0.139614855570839,0.138001359619307,0.138803418803419,0.306392694063927,top4,0.13972602739726,0.143988910632746,0.141825443606673
[[ 0.67  0.33]],features-ngrams-topics,7,2,5,0.139614855570839,0.138001359619307,0.138803418803419,0.320776255707762,top4,0.13972602739726,0.144902152641879,0.142267024629656
[[ 0.35  0.65]],features-ngrams-topics,7,2,5,0.139118457300276,0.13732154996601,0.138214163530619,0.301141552511415,top4,0.139041095890411,0.150472928897586,0.14453131209157
[[ 0.17  0.83]],features-ngrams-topics,7,2,5,0.139118457300276,0.13732154996601,0.138214163530619,0.302511415525114,top4,0.139041095890411,0.146956947162427,0.142889474096143
[[ 0.84  0.16]],features-ngrams-topics,7,2,5,0.139118457300276,0.13732154996601,0.138214163530619,0.307990867579908,top4,0.139041095890411,0.141392694063927,0.140207035227439
[[ 0.51  0.49]],features-ngrams-topics,7,2,5,0.139022711631108,0.13732154996601,0.138166894664843,0.309360730593607,top4,0.139041095890411,0.143444227005871,0.141208345393379
[[ 0.41  0.59]],features-ngrams-topics,7,2,5,0.139022711631108,0.13732154996601,0.138166894664843,0.307990867579909,top4,0.139041095890411,0.14412915851272,0.141539415512492
[[ 0.23  0.77]],features-ngrams-topics,7,2,5,0.139022711631108,0.13732154996601,0.138166894664843,0.312557077625571,top4,0.139041095890411,0.148300717547293,0.143521710553834
[[ 0.17  0.83]],features-ngrams-topics,7,2,5,0.139022711631108,0.13732154996601,0.138166894664843,0.295890410958904,top4,0.139041095890411,0.145013046314416,0.141964294000151
[[ 0.79  0.21]],features-ngrams-topics,7,2,5,0.139022711631108,0.13732154996601,0.138166894664843,0.320091324200913,top4,0.139041095890411,0.145407697325506,0.142153147204199
[[ 0.21  0.79]],features-ngrams-topics,7,2,5,0.139022711631108,0.13732154996601,0.138166894664843,0.298630136986301,top4,0.139041095890411,0.146979778212655,0.14290026558728
[[ 0.85  0.15]],features-ngrams-topics,7,2,5,0.139022711631108,0.13732154996601,0.138166894664843,0.304794520547945,top4,0.139041095890411,0.143506196999348,0.141238365399166
[[ 0.89  0.11]],features-ngrams-topics,7,2,5,0.139022711631108,0.13732154996601,0.138166894664843,0.318036529680365,top4,0.139041095890411,0.148392041748206,0.143564463552056
[[ 0.17  0.83]],features-ngrams-topics,7,2,5,0.139022711631108,0.13732154996601,0.138166894664843,0.310730593607306,top4,0.139041095890411,0.148874755381605,0.143789993133227
[[ 0.39  0.61]],features-ngrams-topics,7,2,5,0.139022711631108,0.13732154996601,0.138166894664843,0.300913242009132,top4,0.139041095890411,0.148365949119374,0.143552251182127
[[ 0.41  0.59]],features-ngrams-topics,7,2,5,0.139022711631108,0.13732154996601,0.138166894664843,0.308904109589041,top4,0.139041095890411,0.143692106979778,0.141328346458435
[[ 0.46  0.54]],features-ngrams-topics,7,2,5,0.139022711631108,0.13732154996601,0.138166894664843,0.319178082191781,top4,0.139041095890411,0.145861056751468,0.142369448530986
[[ 0.69  0.31]],features-ngrams-topics,7,2,5,0.139022711631108,0.13732154996601,0.138166894664843,0.308447488584475,top4,0.139041095890411,0.145130463144162,0.14202053654632
[[ 0.06  0.94]],features-ngrams-topics,7,2,5,0.139022711631108,0.13732154996601,0.138166894664843,0.303196347031963,top4,0.139041095890411,0.14718525766471,0.142997311536324
[[ 0.56  0.44]],features-ngrams-topics,7,2,5,0.139022711631108,0.13732154996601,0.138166894664843,0.311643835616438,top4,0.139041095890411,0.146115459882583,0.142490524992726
[[ 0.67  0.33]],features-ngrams-topics,7,2,5,0.138927097661623,0.13732154996601,0.138119658119658,0.298173515981735,top4,0.139041095890411,0.146454664057404,0.142651624616251
[[ 0.02  0.98]],features-ngrams-topics,7,2,5,0.138927097661623,0.13732154996601,0.138119658119658,0.290639269406392,top4,0.139041095890411,0.145127201565558,0.142018974880971
[[ 0.72  0.28]],features-ngrams-topics,7,2,5,0.138927097661623,0.13732154996601,0.138119658119658,0.300456621004566,top4,0.139041095890411,0.144103065883888,0.141526832664381
[[ 0.98  0.02]],features-ngrams-topics,7,2,5,0.138927097661623,0.13732154996601,0.138119658119658,0.297488584474886,top4,0.139041095890411,0.143737769080235,0.141350428970944
[[ 0.4  0.6]],features-ngrams-topics,7,2,5,0.138927097661623,0.13732154996601,0.138119658119658,0.312557077625571,top4,0.139041095890411,0.144125896934116,0.141537842783293
[[ 0.5  0.5]],features-ngrams-topics,7,2,5,0.138927097661623,0.13732154996601,0.138119658119658,0.306392694063927,top4,0.139041095890411,0.146454664057404,0.14265162461625
[[ 0.32  0.68]],features-ngrams-topics,7,2,5,0.138927097661623,0.13732154996601,0.138119658119658,0.307077625570776,top4,0.139041095890411,0.143330071754729,0.141153010890075
[[ 0.36  0.64]],features-ngrams-topics,7,2,5,0.138927097661623,0.13732154996601,0.138119658119658,0.304337899543379,top4,0.139041095890411,0.147071102413568,0.14294341432914
[[ 0.26  0.74]],features-ngrams-topics,7,2,5,0.138927097661623,0.13732154996601,0.138119658119658,0.305936073059361,top4,0.139041095890411,0.147299412915851,0.143051165769153
[[ 0.4  0.6]],features-ngrams-topics,7,2,5,0.138927097661623,0.13732154996601,0.138119658119658,0.319178082191781,top4,0.139041095890411,0.145971950424005,0.142422252024383
[[ 0.75  0.25]],features-ngrams-topics,7,2,5,0.138429752066116,0.136641740312712,0.137529934998289,0.304109589041096,top4,0.138356164383562,0.147550554468363,0.142805519582654
[[ 0.56  0.44]],features-ngrams-topics,7,2,5,0.138429752066116,0.136641740312712,0.137529934998289,0.306164383561644,top4,0.138356164383562,0.143832354859752,0.141041123756647
[[ 0.72  0.28]],features-ngrams-topics,7,2,5,0.138429752066116,0.136641740312712,0.137529934998289,0.323287671232876,top4,0.138356164383562,0.146203522504892,0.142171639379628
[[ 0.62  0.38]],features-ngrams-topics,7,2,5,0.138334480385409,0.136641740312712,0.137482900136799,0.307534246575342,top4,0.138356164383562,0.145808871493803,0.141984788034826
[[ 0.83  0.17]],features-ngrams-topics,7,2,5,0.138334480385409,0.136641740312712,0.137482900136799,0.315525114155251,top4,0.138356164383562,0.14583822570124,0.141998703932944
[[ 0.13  0.87]],features-ngrams-topics,7,2,5,0.138334480385409,0.136641740312712,0.137482900136799,0.296118721461187,top4,0.138356164383562,0.145195694716243,0.141693441684508
[[ 0.37  0.63]],features-ngrams-topics,7,2,5,0.138334480385409,0.136641740312712,0.137482900136799,0.307077625570776,top4,0.138356164383562,0.147667971298108,0.142860490163995
[[ 0.77  0.23]],features-ngrams-topics,7,2,5,0.138334480385409,0.136641740312712,0.137482900136799,0.317579908675799,top4,0.138356164383562,0.146050228310502,0.14209912235075
[[ 0.05  0.95]],features-ngrams-topics,7,2,5,0.138334480385409,0.136641740312712,0.137482900136799,0.319178082191781,top4,0.138356164383562,0.1476614481409,0.142857437426864
[[ 0.67  0.33]],features-ngrams-topics,7,2,5,0.138334480385409,0.136641740312712,0.137482900136799,0.313470319634703,top4,0.138356164383562,0.148714938030007,0.143348656408673
[[ 0.29  0.71]],features-ngrams-topics,7,2,5,0.138334480385409,0.136641740312712,0.137482900136799,0.308447488584475,top4,0.138356164383562,0.144768427919113,0.141489683024878
[[ 0.09  0.91]],features-ngrams-topics,7,2,5,0.138239339752407,0.136641740312712,0.137435897435897,0.293835616438356,top4,0.138356164383562,0.145678408349641,0.141922904798571
[[ 0.12  0.88]],features-ngrams-topics,7,2,5,0.138239339752407,0.136641740312712,0.137435897435897,0.304109589041096,top4,0.138356164383562,0.144034572733203,0.14113827688159
[[ 0.63  0.37]],features-ngrams-topics,7,2,5,0.138239339752407,0.136641740312712,0.137435897435897,0.316438356164383,top4,0.138356164383562,0.144262883235486,0.141247798798613
[[ 0.46  0.54]],features-ngrams-topics,7,2,5,0.138239339752407,0.136641740312712,0.137435897435897,0.303196347031963,top4,0.138356164383562,0.146614481409002,0.142365661799429
[[ 0.48  0.52]],features-ngrams-topics,7,2,5,0.138239339752407,0.136641740312712,0.137435897435897,0.307077625570776,top4,0.138356164383562,0.143307240704501,0.140788187560734
[[ 0.53  0.47]],features-ngrams-topics,7,2,5,0.138239339752407,0.136641740312712,0.137435897435897,0.30958904109589,top4,0.138356164383562,0.14310502283105,0.140690531855315
[[ 0.73  0.27]],features-ngrams-topics,7,2,5,0.138239339752407,0.136641740312712,0.137435897435897,0.313013698630137,top4,0.138356164383562,0.141624266144814,0.13997114162911
[[ 0.46  0.54]],features-ngrams-topics,7,2,5,0.138239339752407,0.136641740312712,0.137435897435897,0.322602739726027,top4,0.138356164383562,0.144334637964775,0.141282183435805
[[ 0.52  0.48]],features-ngrams-topics,7,2,5,0.137741046831956,0.135961930659415,0.13684570646596,0.319178082191781,top4,0.137671232876712,0.145678408349641,0.141561683256135
[[ 0.32  0.68]],features-ngrams-topics,7,2,5,0.137741046831956,0.135961930659415,0.13684570646596,0.321461187214612,top4,0.137671232876712,0.144993476842792,0.141237515895327
[[ 0.36  0.64]],features-ngrams-topics,7,2,5,0.137741046831956,0.135961930659415,0.13684570646596,0.307534246575342,top4,0.137671232876712,0.142534246575343,0.140060540511581
[[ 0.7  0.3]],features-ngrams-topics,7,2,5,0.137741046831956,0.135961930659415,0.13684570646596,0.308219178082192,top4,0.137671232876712,0.140821917808219,0.139228752973202
[[ 0.22  0.78]],features-ngrams-topics,7,2,5,0.137741046831956,0.135961930659415,0.13684570646596,0.302283105022831,top4,0.137671232876712,0.145335942596217,0.141399795712488
[[ 0.24  0.76]],features-ngrams-topics,7,2,5,0.137741046831956,0.135961930659415,0.13684570646596,0.308675799086758,top4,0.137671232876712,0.147889758643183,0.142597665695722
[[ 0.33  0.67]],features-ngrams-topics,7,2,5,0.137646249139711,0.135961930659415,0.136798905608755,0.297488584474886,top4,0.137671232876712,0.14428245270711,0.140899333204556
[[ 0.21  0.79]],features-ngrams-topics,7,2,5,0.137646249139711,0.135961930659415,0.136798905608755,0.305936073059361,top4,0.137671232876712,0.142778864970646,0.140178538143674
[[ 0.77  0.23]],features-ngrams-topics,7,2,5,0.137646249139711,0.135961930659415,0.136798905608755,0.307534246575342,top4,0.137671232876712,0.141953685583823,0.139779666371016
[[ 0.38  0.62]],features-ngrams-topics,7,2,5,0.137646249139711,0.135961930659415,0.136798905608755,0.307077625570776,top4,0.137671232876712,0.1467742987606,0.14207710382142
[[ 0.21  0.79]],features-ngrams-topics,7,2,5,0.137646249139711,0.135961930659415,0.136798905608755,0.308219178082192,top4,0.137671232876712,0.143555120678408,0.140551624694647
[[ 0.31  0.69]],features-ngrams-topics,7,2,5,0.137646249139711,0.135961930659415,0.136798905608755,0.306849315068493,top4,0.137671232876712,0.142896281800391,0.140235103922125
[[ 0.65  0.35]],features-ngrams-topics,7,2,5,0.137646249139711,0.135961930659415,0.136798905608755,0.298858447488584,top4,0.137671232876712,0.144334637964775,0.140924211940209
[[ 0.29  0.71]],features-ngrams-topics,7,2,5,0.137646249139711,0.135961930659415,0.136798905608755,0.314155251141552,top4,0.137671232876712,0.147387475538161,0.142363764859226
[[ 0.3  0.7]],features-ngrams-topics,7,2,5,0.137551581843191,0.135961930659415,0.136752136752137,0.304337899543379,top4,0.137671232876712,0.145560991519896,0.141506223057723
[[ 0.2  0.8]],features-ngrams-topics,7,2,5,0.137551581843191,0.135961930659415,0.136752136752137,0.30296803652968,top4,0.137671232876712,0.144876060013046,0.141181786541474
[[ 0.34  0.66]],features-ngrams-topics,7,2,5,0.137551581843191,0.135961930659415,0.136752136752137,0.309360730593607,top4,0.137671232876712,0.148783431180692,0.143011798880458
[[ 0.71  0.29]],features-ngrams-topics,7,2,5,0.137551581843191,0.135961930659415,0.136752136752137,0.306849315068493,top4,0.137671232876712,0.145401174168298,0.141430661634839
[[ 0.31  0.69]],features-ngrams-topics,7,2,5,0.137551581843191,0.135961930659415,0.136752136752137,0.300456621004566,top4,0.137671232876712,0.14542726679713,0.141443004020988
[[ 0.26  0.74]],features-ngrams-topics,7,2,5,0.137551581843191,0.135961930659415,0.136752136752137,0.31689497716895,top4,0.137671232876712,0.144243313763862,0.14088066810835
[[ 0.48  0.52]],features-ngrams-topics,7,2,5,0.137551581843191,0.135961930659415,0.136752136752137,0.308675799086758,top4,0.137671232876712,0.143219178082192,0.140390415969376
[[ 0.11  0.89]],features-ngrams-topics,7,2,5,0.137551581843191,0.135961930659415,0.136752136752137,0.307990867579909,top4,0.137671232876712,0.147981082844097,0.142640104745306
[[ 0.31  0.69]],features-ngrams-topics,7,2,5,0.137551581843191,0.135961930659415,0.136752136752137,0.310502283105023,top4,0.137671232876712,0.147981082844097,0.142640104745306
[[ 0.54  0.46]],features-ngrams-topics,7,2,5,0.137052341597796,0.135282121006118,0.13616147793363,0.313698630136986,top4,0.136986301369863,0.146523157208089,0.14159432614099
[[ 0.03  0.97]],features-ngrams-topics,7,2,5,0.136958017894012,0.135282121006118,0.136114911080711,0.313470319634703,top4,0.136986301369863,0.146200260926288,0.141443385174872
[[ 0.04  0.96]],features-ngrams-topics,7,2,5,0.136958017894012,0.135282121006118,0.136114911080711,0.293835616438356,top4,0.136986301369863,0.146846053489889,0.141744923677082
[[ 0.57  0.43]],features-ngrams-topics,7,2,5,0.136958017894012,0.135282121006118,0.136114911080711,0.307762557077625,top4,0.136986301369863,0.1414514024788,0.139183050149576
[[ 0.13  0.87]],features-ngrams-topics,7,2,5,0.136958017894012,0.135282121006118,0.136114911080711,0.296118721461187,top4,0.136986301369863,0.146457925636008,0.141563860736268
[[ 0.44  0.56]],features-ngrams-topics,7,2,5,0.136958017894012,0.135282121006118,0.136114911080711,0.312100456621004,top4,0.136986301369863,0.146565557729941,0.141614121137319
[[ 0.22  0.78]],features-ngrams-topics,7,2,5,0.136958017894012,0.135282121006118,0.136114911080711,0.30296803652968,top4,0.136986301369863,0.145808871493803,0.14125996430978
[[ 0.45  0.55]],features-ngrams-topics,7,2,5,0.136958017894012,0.135282121006118,0.136114911080711,0.299315068493151,top4,0.136986301369863,0.144262883235486,0.140530461107732
[[ 0.49  0.51]],features-ngrams-topics,7,2,5,0.136958017894012,0.135282121006118,0.136114911080711,0.316438356164383,top4,0.136986301369863,0.145789302022179,0.141250779938212
[[ 0.51  0.49]],features-ngrams-topics,7,2,5,0.136863823933975,0.135282121006118,0.136068376068376,0.31324200913242,top4,0.136986301369863,0.146793868232224,0.141720607899443
[[ 0.47  0.53]],features-ngrams-topics,7,2,5,0.136863823933975,0.135282121006118,0.136068376068376,0.298630136986301,top4,0.136986301369863,0.143988910632746,0.140400344680032
[[ 0.08  0.92]],features-ngrams-topics,7,2,5,0.136863823933975,0.135282121006118,0.136068376068376,0.301826484018265,top4,0.136986301369863,0.143075668623614,0.139964784659806
[[ 0.43  0.57]],features-ngrams-topics,7,2,5,0.136863823933975,0.135282121006118,0.136068376068376,0.308904109589041,top4,0.136986301369863,0.144262883235486,0.140530461107732
[[ 0.19  0.81]],features-ngrams-topics,7,2,5,0.136863823933975,0.135282121006118,0.136068376068376,0.306849315068493,top4,0.136986301369863,0.145150032615786,0.140950056526664
[[ 0.21  0.79]],features-ngrams-topics,7,2,5,0.136863823933975,0.135282121006118,0.136068376068376,0.312557077625571,top4,0.136986301369863,0.143969341161122,0.140391040939091
[[ 0.25  0.75]],features-ngrams-topics,7,2,5,0.136863823933975,0.135282121006118,0.136068376068376,0.307762557077625,top4,0.136986301369863,0.144651011089367,0.140714359368927
[[ 0.44  0.56]],features-ngrams-topics,7,2,5,0.136863823933975,0.135282121006118,0.136068376068376,0.312557077625571,top4,0.136986301369863,0.147413568166993,0.1420087815639
[[ 0.38  0.62]],features-ngrams-topics,7,2,5,0.136863823933975,0.135282121006118,0.136068376068376,0.305022831050228,top4,0.136986301369863,0.142302674494455,0.139593888328089
[[ 0.58  0.42]],features-ngrams-topics,7,2,5,0.136863823933975,0.135282121006118,0.136068376068376,0.305251141552511,top4,0.136986301369863,0.142302674494455,0.139593888328089
[[ 0.16  0.84]],features-ngrams-topics,7,2,5,0.136863823933975,0.135282121006118,0.136068376068376,0.301826484018265,top4,0.136986301369863,0.14001630789302,0.13848473269453
[[ 0.15  0.85]],features-ngrams-topics,7,2,5,0.136363636363636,0.134602311352821,0.1354772494013,0.298858447488584,top4,0.136301369863014,0.145221787345075,0.140620251246033
[[ 0.12  0.88]],features-ngrams-topics,7,2,5,0.136363636363636,0.134602311352821,0.1354772494013,0.317579908675799,top4,0.136301369863014,0.144445531637313,0.140255324119644
[[ 0.34  0.66]],features-ngrams-topics,7,2,5,0.136363636363636,0.134602311352821,0.1354772494013,0.311643835616438,top4,0.136301369863014,0.146497064579256,0.14121542520165
[[ 0.42  0.58]],features-ngrams-topics,7,2,5,0.136269786648314,0.134602311352821,0.135430916552668,0.305022831050228,top4,0.136301369863014,0.144256360078278,0.140166086275619
[[ 0.72  0.28]],features-ngrams-topics,7,2,5,0.136269786648314,0.134602311352821,0.135430916552668,0.302054794520548,top4,0.136301369863014,0.140401174168298,0.138320899336213
[[ 0.38  0.62]],features-ngrams-topics,7,2,5,0.136269786648314,0.134602311352821,0.135430916552668,0.312328767123287,top4,0.136301369863014,0.149742335290281,0.142706062457231
[[ 0.22  0.78]],features-ngrams-topics,7,2,5,0.136269786648314,0.134602311352821,0.135430916552668,0.311187214611872,top4,0.136301369863014,0.142710371819961,0.139432262279646
[[ 0.62  0.38]],features-ngrams-topics,7,2,5,0.136269786648314,0.134602311352821,0.135430916552668,0.314383561643836,top4,0.136301369863014,0.142116764514025,0.139148333330391
[[ 0.49  0.51]],features-ngrams-topics,7,2,5,0.136269786648314,0.134602311352821,0.135430916552668,0.308675799086758,top4,0.136301369863014,0.142756033920418,0.139454052935033
[[ 0.79  0.21]],features-ngrams-topics,7,2,5,0.136269786648314,0.134602311352821,0.135430916552668,0.29634703196347,top4,0.136301369863014,0.141268754076973,0.138740613912006
[[ 0.4  0.6]],features-ngrams-topics,7,2,5,0.136269786648314,0.134602311352821,0.135430916552668,0.296803652968036,top4,0.136301369863014,0.142566862361383,0.139363730905655
[[ 0.8  0.2]],features-ngrams-topics,7,2,5,0.136269786648314,0.134602311352821,0.135430916552668,0.301826484018265,top4,0.136301369863014,0.141888454011742,0.139038807244456
[[ 0.69  0.31]],features-ngrams-topics,7,2,5,0.136269786648314,0.134602311352821,0.135430916552668,0.306164383561644,top4,0.136301369863014,0.140499021526419,0.138368367200185
[[ 0.27  0.73]],features-ngrams-topics,7,2,5,0.136176066024759,0.134602311352821,0.135384615384615,0.29634703196347,top4,0.136301369863014,0.142619047619048,0.139388659564765
[[ 0.41  0.59]],features-ngrams-topics,7,2,5,0.136176066024759,0.134602311352821,0.135384615384615,0.307534246575342,top4,0.136301369863014,0.142664709719504,0.139410464490725
[[ 0.61  0.39]],features-ngrams-topics,7,2,5,0.136176066024759,0.134602311352821,0.135384615384615,0.30958904109589,top4,0.136301369863014,0.141751467710372,0.138973005257802
[[ 0.4  0.6]],features-ngrams-topics,7,2,5,0.136176066024759,0.134602311352821,0.135384615384615,0.30296803652968,top4,0.136301369863014,0.143871493803001,0.139984161442297
[[ 0.24  0.76]],features-ngrams-topics,7,2,5,0.136176066024759,0.134602311352821,0.135384615384615,0.307762557077625,top4,0.136301369863014,0.147550554468363,0.141703056940396
[[ 0.11  0.89]],features-ngrams-topics,7,2,5,0.136176066024759,0.134602311352821,0.135384615384615,0.299543378995434,top4,0.136301369863014,0.144605348988911,0.140330621049313
[[ 0.51  0.49]],features-ngrams-topics,7,2,5,0.136176066024759,0.134602311352821,0.135384615384615,0.302511415525114,top4,0.136301369863014,0.144651011089367,0.140352118723582
[[ 0.2  0.8]],features-ngrams-topics,7,2,5,0.136176066024759,0.134602311352821,0.135384615384615,0.315296803652968,top4,0.136301369863014,0.143369210697978,0.139745980968862
[[ 0.28  0.72]],features-ngrams-topics,7,2,5,0.136176066024759,0.134602311352821,0.135384615384615,0.307534246575342,top4,0.136301369863014,0.143421395955643,0.139770766810543
[[ 0.16  0.84]],features-ngrams-topics,7,2,5,0.135674931129477,0.133922501699524,0.13479302086897,0.303424657534246,top4,0.135616438356164,0.140844748858448,0.138181155870704
[[ 0.3  0.7]],features-ngrams-topics,7,2,5,0.135674931129477,0.133922501699524,0.13479302086897,0.300684931506849,top4,0.135616438356164,0.140678408349641,0.13810105343229
[[ 0.74  0.26]],features-ngrams-topics,7,2,5,0.135674931129477,0.133922501699524,0.13479302086897,0.309817351598173,top4,0.135616438356164,0.143946510110894,0.139657369634155
[[ 0.42  0.58]],features-ngrams-topics,7,2,5,0.135581555402615,0.133922501699524,0.134746922024624,0.312557077625571,top4,0.135616438356164,0.141660143509459,0.138572424620312
[[ 0.64  0.36]],features-ngrams-topics,7,2,5,0.135581555402615,0.133922501699524,0.134746922024624,0.304794520547945,top4,0.135616438356164,0.139546640574038,0.137553471583441
[[ 0.36  0.64]],features-ngrams-topics,7,2,5,0.135581555402615,0.133922501699524,0.134746922024624,0.305707762557077,top4,0.135616438356164,0.144060665362035,0.139711074549054
[[ 0.28  0.72]],features-ngrams-topics,7,2,5,0.135488308115543,0.133922501699524,0.134700854700855,0.303881278538813,top4,0.135616438356164,0.140841487279844,0.138179586161155
[[ 0.52  0.48]],features-ngrams-topics,7,2,5,0.135488308115543,0.133922501699524,0.134700854700855,0.296118721461187,top4,0.135616438356164,0.140743639921722,0.138132477645877
[[ 0.75  0.25]],features-ngrams-topics,7,2,5,0.135488308115543,0.133922501699524,0.134700854700855,0.312100456621004,top4,0.135616438356164,0.139103065883888,0.13733762669513
[[ 0.14  0.86]],features-ngrams-topics,7,2,5,0.134986225895317,0.133242692046227,0.13410879233664,0.312100456621004,top4,0.134931506849315,0.146060013046314,0.140275390930588
[[ 0.58  0.42]],features-ngrams-topics,7,2,5,0.134893324156917,0.133242692046227,0.13406292749658,0.315525114155251,top4,0.134931506849315,0.14745923026745,0.140917484347937
[[ 0.37  0.63]],features-ngrams-topics,7,2,5,0.134893324156917,0.133242692046227,0.13406292749658,0.30296803652968,top4,0.134931506849315,0.13848336594912,0.136684365775926
[[ 0.6  0.4]],features-ngrams-topics,7,2,5,0.134893324156917,0.133242692046227,0.13406292749658,0.298858447488584,top4,0.134931506849315,0.141196999347684,0.137993169535293
[[ 0.47  0.53]],features-ngrams-topics,7,2,5,0.134893324156917,0.133242692046227,0.13406292749658,0.305251141552511,top4,0.134931506849315,0.1464514024788,0.140455640776798
[[ 0.63  0.37]],features-ngrams-topics,7,2,5,0.134893324156917,0.133242692046227,0.13406292749658,0.307762557077625,top4,0.134931506849315,0.144168297455969,0.139397056648283
[[ 0.32  0.68]],features-ngrams-topics,7,2,5,0.134800550206327,0.133242692046227,0.134017094017094,0.295433789954338,top4,0.134931506849315,0.140424005218526,0.137622976781257
[[ 0.64  0.36]],features-ngrams-topics,7,2,5,0.134297520661157,0.13256288239293,0.133424563804311,0.305936073059361,top4,0.134246575342466,0.13892694063927,0.136546662926687
[[ 0.5  0.5]],features-ngrams-topics,7,2,5,0.134297520661157,0.13256288239293,0.133424563804311,0.300228310502283,top4,0.134246575342466,0.13866927592955,0.136422089900575
[[ 0.18  0.82]],features-ngrams-topics,7,2,5,0.134205092911218,0.13256288239293,0.133378932968536,0.311415525114155,top4,0.134246575342466,0.14663731245923,0.140168645265782
[[ 0.29  0.71]],features-ngrams-topics,7,2,5,0.134205092911218,0.13256288239293,0.133378932968536,0.300456621004566,top4,0.134246575342466,0.140681669928245,0.137388811271317
[[ 0.1  0.9]],features-ngrams-topics,7,2,5,0.134205092911218,0.13256288239293,0.133378932968536,0.304109589041096,top4,0.134246575342466,0.145195694716243,0.139506630589786
[[ 0.24  0.76]],features-ngrams-topics,7,2,5,0.134205092911218,0.13256288239293,0.133378932968536,0.310502283105023,top4,0.134246575342466,0.140818656229615,0.137454103051188
[[ 0.25  0.75]],features-ngrams-topics,7,2,5,0.134205092911218,0.13256288239293,0.133378932968536,0.296575342465753,top4,0.134246575342466,0.14015329419439,0.137136360890542
[[ 0.26  0.74]],features-ngrams-topics,7,2,5,0.134112792297111,0.13256288239293,0.133333333333333,0.304566210045662,top4,0.134246575342466,0.140035877364645,0.137080128719395
[[ 0.33  0.67]],features-ngrams-topics,7,2,5,0.134112792297111,0.13256288239293,0.133333333333333,0.304794520547945,top4,0.134246575342466,0.139589041095891,0.136865693120533
[[ 0.44  0.56]],features-ngrams-topics,7,2,5,0.13351686166552,0.131883072739633,0.132694938440492,0.302283105022831,top4,0.133561643835616,0.13912915851272,0.136288565337732
[[ 0.39  0.61]],features-ngrams-topics,7,2,5,0.13351686166552,0.131883072739633,0.132694938440492,0.299771689497717,top4,0.133561643835616,0.14117742987606,0.137263981799125
[[ 0.43  0.57]],features-ngrams-topics,7,2,5,0.13351686166552,0.131883072739633,0.132694938440492,0.303424657534246,top4,0.133561643835616,0.142821265492498,0.138036342697408
[[ 0.29  0.71]],features-ngrams-topics,7,2,5,0.133425034387895,0.131883072739633,0.132649572649573,0.300456621004566,top4,0.133561643835616,0.137961513372472,0.135725929983609
[[ 0.23  0.77]],features-ngrams-topics,7,2,5,0.132828630419821,0.131203263086336,0.132010943912449,0.302739726027397,top4,0.132876712328767,0.142136333985649,0.137350638564863
[[ 0.44  0.56]],features-ngrams-topics,7,2,5,0.132828630419821,0.131203263086336,0.132010943912449,0.304794520547945,top4,0.132876712328767,0.139357469015003,0.13603995082299
[[ 0.59  0.41]],features-ngrams-topics,7,2,5,0.13273727647868,0.131203263086336,0.131965811965812,0.301141552511415,top4,0.132876712328767,0.137596216568819,0.135195288941206
[[ 0.13  0.87]],features-ngrams-topics,7,2,5,0.13273727647868,0.131203263086336,0.131965811965812,0.300456621004566,top4,0.132876712328767,0.138584474885845,0.135670587693123
[[ 0.55  0.45]],features-ngrams-topics,7,2,5,0.13273727647868,0.131203263086336,0.131965811965812,0.307077625570776,top4,0.132876712328767,0.137596216568819,0.135195288941206
[[ 0.32  0.68]],features-ngrams-topics,7,2,5,0.132140399174122,0.130523453433039,0.131326949384405,0.294520547945205,top4,0.132191780821918,0.137863666014351,0.134968161054159
[[ 0.52  0.48]],features-ngrams-topics,7,2,5,0.132140399174122,0.130523453433039,0.131326949384405,0.295433789954338,top4,0.132191780821918,0.137954990215264,0.135011910450087
[[ 0.24  0.76]],features-ngrams-topics,7,2,5,0.132140399174122,0.130523453433039,0.131326949384405,0.302739726027397,top4,0.132191780821918,0.137074363992172,0.134588804646553
[[ 0.49  0.51]],features-ngrams-topics,7,2,5,0.132049518569464,0.130523453433039,0.131282051282051,0.299771689497717,top4,0.132191780821918,0.136728636660144,0.134421938941568
[[ 0.12  0.88]],features-ngrams-topics,7,2,5,0.131452167928424,0.129843643779742,0.130642954856361,0.292237442922374,top4,0.131506849315068,0.137681017612525,0.134523127237274
[[ 0.49  0.51]],features-ngrams-topics,7,2,5,0.131452167928424,0.129843643779742,0.130642954856361,0.298858447488584,top4,0.131506849315068,0.134882583170255,0.13317332729537
[[ 0.39  0.61]],features-ngrams-topics,7,2,5,0.131361760660248,0.129843643779742,0.130598290598291,0.299086757990867,top4,0.131506849315068,0.135906718851924,0.133670587618085
[[ 0.01  0.99]],features-ngrams-topics,7,2,5,0.131361760660248,0.129843643779742,0.130598290598291,0.30296803652968,top4,0.131506849315068,0.138007175472929,0.134678622706872
[[ 0.35  0.65]],features-ngrams-topics,7,2,5,0.131361760660248,0.129843643779742,0.130598290598291,0.304794520547945,top4,0.131506849315068,0.136545988258317,0.133979053271895
[[ 0.07  0.93]],features-ngrams-topics,7,2,5,0.130763936682725,0.129163834126445,0.129958960328317,0.307305936073059,top4,0.130821917808219,0.139285714285714,0.134921209925738
[[ 0.15  0.85]],features-ngrams-topics,7,2,5,0.12869924294563,0.127124405166553,0.127906976744186,0.292009132420091,top4,0.128767123287671,0.133714938030007,0.131194397242061
[[ 0.88  0.12]],features-ngrams-topics,7,2,10,0.136363636363636,0.134602311352821,0.1354772494013,0.295662100456621,top4,0.136301369863014,0.145998043052838,0.140983171448201
[[ 0.88  0.12]],features-ngrams-topics,7,2,15,0.135581555402615,0.133922501699524,0.134746922024624,0.289954337899543,top4,0.135616438356164,0.141454664057404,0.13847404194248
[[ 0.88  0.12]],features-ngrams-topics,7,2,20,0.132140399174122,0.130523453433039,0.131326949384405,0.307990867579909,top4,0.138356164383562,0.146663405088063,0.142388722437791
[[ 0.88  0.12]],features-ngrams-topics,7,2,30,0.128011011699931,0.126444595513256,0.127222982216142,0.258675799086758,top4,0.128082191780822,0.135512067840835,0.131692417632448
[[ 0.88  0.12]],features-ngrams-topics,7,2,40,0.124484181568088,0.123045547246771,0.123760683760684,0.276712328767123,top4,0.124657534246575,0.133095238095238,0.128738279322257
[[ 0.88  0.12]],features-ngrams-topics,7,2,60,0.115013774104683,0.113528212100612,0.114266164899076,0.251598173515982,top4,0.115068493150685,0.122889758643183,0.11885059033777
[[ 0.88  0.12]],features-ngrams-topics,7,2,80,0.124484181568088,0.123045547246771,0.123760683760684,0.268264840182648,top4,0.124657534246575,0.129028049575995,0.12680514411917
[[ 0.88  0.12]],features-ngrams-topics,7,2,100,0.116999311768754,0.115567641060503,0.116279069767442,0.249315068493151,top4,0.117123287671233,0.121787345075016,0.119409790079013
[[ 0.88  0.12]],features-ngrams-topics,07,2,3,0.12997787610619468,0.15975526852481306,0.14333638304361085,0.329269406392694,top5,0.12986301369863032,0.16757664709719514,0.146328894803924
[[ 0.88  0.12]],features-ngrams-topics,07,2,3,0.14442916093535077,0.14276002719238612,0.1435897435897436,0.3109589041095889,top4,0.14452054794520547,0.1499054142204828,0.1471637381686165
[[ 0.88  0.12]],features-ngrams-topics,07,2,3,0.15061898211829436,0.14887831407205981,0.14974358974358976,0.3283105022831049,top4,0.1506849315068493,0.15826157860404447,0.15438034968290387
[[ 0.88  0.12]],features-ngrams-topics,07,2,5,0.13902271163110805,0.1373215499660095,0.13816689466484267,0.3011415525114154,top4,0.13904109589041094,0.14622635355512079,0.14254323432891158
[[ 0.88  0.12]],features-ngrams-topics,07,2,7,0.15003441156228492,0.14819850441876276,0.1491108071135431,0.31118721461187193,top4,0.14999999999999997,0.15474559686888462,0.1523358484507947
[[ 0.88  0.12]],features-ngrams-topics,07,2,10,0.13548830811554333,0.13392250169952413,0.1347008547008547,0.29657534246575323,top4,0.13561643835616435,0.1414090019569473,0.1384521593051207
[[ 0.88  0.12]],features-ngrams-topics,07,2,15,0.1361760660247593,0.13460231135282122,0.1353846153846154,0.28173515981735153,top4,0.13630136986301367,0.1451761252446185,0.1405988406616981
[[ 0.88  0.12]],features-ngrams-topics,07,2,20,0.13282863041982107,0.13120326308633581,0.1320109439124487,0.28515981735159807,top4,0.1328767123287671,0.14213307240704512,0.1373491157253022
[[ 0.88  0.12]],features-ngrams-topics,07,2,30,0.12929848693259974,0.12780421481985044,0.1285470085470085,0.2881278538812784,top4,0.12945205479452052,0.13647749510763219,0.13287197441121298
[[ 0.88  0.12]],features-ngrams-topics,07,2,40,0.1279229711141678,0.1264445955132563,0.12717948717948718,0.2808219178082191,top4,0.12808219178082192,0.13396607958251802,0.1309580788909061
[[ 0.88  0.12]],features-ngrams-topics,07,2,60,0.11975223675154852,0.11828687967369136,0.11901504787961696,0.2616438356164382,top4,0.11986301369863013,0.12681343770384876,0.1232403071654861
[[ 0.88  0.12]],features-ngrams-topics,07,2,80,0.11210453920220083,0.11080897348742352,0.11145299145299147,0.25182648401826474,top4,0.11232876712328767,0.11992172211350302,0.11600112654727116
[[ 0.88  0.12]],features-ngrams-topics,07,2,100,0.1155433287482806,0.1142080217539089,0.11487179487179486,0.2518264840182648,top4,0.11575342465753424,0.12015003261578616,0.11791075814440462
