4270261,omega,0.5002018323267761, 0.49979816767322394,phi,0.33891279486442377, 0.327352519858056, 0.3337346852775201,count precision recall f1 iter,0,0.0,0.0,0,34,2016-11-16 21:05:25.931143
58630,omega,0.5003579150813742, 0.4996420849186258,phi,0.27011252100472366, 0.48133474739447973, 0.24855273160079658,count precision recall f1 iter,1,0.2,0.25,0.22222222222222224,27,2016-11-16 21:06:07.012462
4794787,omega,0.49991203967386316, 0.5000879603261369,phi,0.33869941235760886, 0.32841606444551863, 0.3328845231968725,count precision recall f1 iter,0,0.0,0.0,0,25,2016-11-16 21:06:41.361661
902409,omega,0.49936493276771465, 0.5006350672322852,phi,0.3518949533738767, 0.28999106872314034, 0.35811397790298294,count precision recall f1 iter,0,0.0,0.0,0,33,2016-11-16 21:09:11.060133
11980488,omega,0.49904505177461994, 0.5009549482253799,phi,0.31868044637743626, 0.35615846043802163, 0.3251610931845421,count precision recall f1 iter,2,0.4,0.4,0.4000000000000001,36,2016-11-16 21:13:05.003217
434661,omega,0.499868313102842, 0.5001316868971579,phi,0.07247960313015789, 0.8573954959355192, 0.07012490093432291,count precision recall f1 iter,1,0.2,0.3333333333333333,0.25,25,2016-11-16 21:13:05.341619
980627,omega,0.49969260906467167, 0.5003073909353283,phi,0.37359442087794803, 0.24226853497143153, 0.3841370441506205,count precision recall f1 iter,1,0.2,0.25,0.22222222222222224,28,2016-11-16 21:13:58.713959
27107,omega,0.5018965245170424, 0.4981034754829577,phi,0.3144296048088446, 0.3684159891045192, 0.31715440608663625,count precision recall f1 iter,1,0.2,0.16666666666666666,0.1818181818181818,24,2016-11-16 21:16:03.367168
9479071,omega,0.500096660604769, 0.4999033393952311,phi,0.3251820014057442, 0.34990783247588164, 0.32491016611837414,count precision recall f1 iter,2,0.4,0.2,0.26666666666666666,15,2016-11-16 21:17:17.952122
1225233,omega,0.5011069551955515, 0.49889304480444857,phi,0.3274084686910931, 0.3716971944963669, 0.30089433681254,count precision recall f1 iter,1,0.2,0.25,0.22222222222222224,28,2016-11-16 21:18:15.725847
303639,omega,0.5022534543064096, 0.4977465456935903,phi,0.18561745264470145, 0.6331701160899839, 0.18121243126531467,count precision recall f1 iter,1,0.2,0.16666666666666666,0.1818181818181818,26,2016-11-16 21:18:55.045969
4738342,omega,0.4997377217991455, 0.5002622782008544,phi,0.3300415778832809, 0.355584427827482, 0.314373994289237,count precision recall f1 iter,2,0.4,0.4,0.4000000000000001,29,2016-11-16 21:20:53.136185
9662316,omega,0.49945312438064277, 0.5005468756193573,phi,0.3523895905969432, 0.3145364744174148, 0.33307393498564203,count precision recall f1 iter,1,0.2,0.2,0.20000000000000004,30,2016-11-16 21:23:24.722521
9389455,omega,0.4995782597347952, 0.5004217402652047,phi,0.33171115032372495, 0.3359590138558767, 0.3323298358203983,count precision recall f1 iter,1,0.2,0.2,0.20000000000000004,34,2016-11-16 21:27:26.789607
552094,omega,0.4997716732180634, 0.5002283267819367,phi,0.3542807303645699, 0.30046900346820227, 0.3452502661672279,count precision recall f1 iter,2,0.4,0.5,0.4444444444444445,31,2016-11-16 21:28:45.257392
9965882,omega,0.4994486600042669, 0.5005513399957332,phi,0.37126482189306187, 0.25705953982918506, 0.37167563827775296,count precision recall f1 iter,0,0.0,0.0,0,25,2016-11-16 21:31:22.399515
4740231,omega,0.5016313435781641, 0.4983686564218361,phi,0.3229953618688963, 0.35489000693179223, 0.3221146311993114,count precision recall f1 iter,1,0.2,0.3333333333333333,0.25,15,2016-11-16 21:35:06.888343
3744882,omega,0.5010693242033734, 0.4989306757966266,phi,0.33446441552698297, 0.3283337304553629, 0.3372018540176541,count precision recall f1 iter,0,0.0,0.0,0,16,2016-11-16 21:37:22.691213
10005232,omega,0.5013225206641264, 0.4986774793358736,phi,0.2818479689623275, 0.44556085373326926, 0.27259117730440324,count precision recall f1 iter,1,0.2,0.16666666666666666,0.1818181818181818,29,2016-11-16 21:38:46.226499
4306370,omega,0.49999999999999994, 0.5,phi,0.33511630487524574, 0.32937793681692246, 0.3355057583078318,count precision recall f1 iter,0,0.0,0.0,0,1,2016-11-16 21:38:49.771933
11669627,omega,0.5, 0.5,phi,0.33343253032496845, 0.3330916822785311, 0.3334757873965005,count precision recall f1 iter,0,0.0,0.0,0,1,2016-11-16 21:38:51.546654
9133885,omega,0.4988310512868141, 0.5011689487131858,phi,0.4326698849823311, 0.13174546079655192, 0.43558465422111703,count precision recall f1 iter,0,0.0,0.0,0,32,2016-11-16 21:41:26.579060
1209092,omega,0.5009073765393752, 0.49909262346062483,phi,0.34952965287664717, 0.29939460075997143, 0.3510757463633814,count precision recall f1 iter,0,0.0,0.0,0,22,2016-11-16 21:44:14.760056
794717,omega,0.5006305529464811, 0.4993694470535188,phi,0.24015174582798515, 0.5430771032021475, 0.21677115096986738,count precision recall f1 iter,1,0.2,0.3333333333333333,0.25,18,2016-11-16 21:46:20.189812
303682,omega,0.5025250699380882, 0.49747493006191174,phi,0.32927451469360663, 0.3424203778539708, 0.3283051074524225,count precision recall f1 iter,2,0.4,0.4,0.4000000000000001,25,2016-11-16 21:48:04.010560
10001128,omega,0.5018257668447583, 0.4981742331552418,phi,0.39824380526854075, 0.1751523856764386, 0.4266038090550207,count precision recall f1 iter,1,0.2,0.5,0.28571428571428575,37,2016-11-16 21:50:03.702036
5133167,omega,0.4998926870401666, 0.5001073129598333,phi,0.3948541524416533, 0.19671117518924447, 0.4084346723691022,count precision recall f1 iter,0,0.0,0.0,0,33,2016-11-16 21:50:21.772618
510197,omega,0.5, 0.5,phi,0.3304670264418416, 0.33915352162296697, 0.33037945193519147,count precision recall f1 iter,0,0.0,0.0,0,1,2016-11-16 21:50:21.807712
89079,omega,0.49945877429319174, 0.5005412257068084,phi,0.04198624985799621, 0.9203180410575577, 0.03769570908444621,count precision recall f1 iter,1,0.2,0.2,0.20000000000000004,32,2016-11-16 21:51:03.113116
5169771,omega,0.4995977930215795, 0.5004022069784205,phi,0.3216265024558823, 0.36147623066006346, 0.3168972668840543,count precision recall f1 iter,1,0.2,0.25,0.22222222222222224,25,2016-11-16 21:52:45.593292
11482753,omega,0.5000341748142049, 0.4999658251857951,phi,0.3641294865111507, 0.2707316861064147, 0.3651388273824348,count precision recall f1 iter,1,0.2,0.25,0.22222222222222224,25,2016-11-16 21:54:53.207861
9683909,omega,0.49867408314616574, 0.5013259168538342,phi,0.3660066504073744, 0.26904679663570885, 0.3649465529569166,count precision recall f1 iter,1,0.2,0.25,0.22222222222222224,29,2016-11-16 21:59:51.366718
329505,omega,0.4999875064300659, 0.500012493569934,phi,0.4198627577871563, 0.15346578188715704, 0.42667146032568676,count precision recall f1 iter,1,0.2,0.25,0.22222222222222224,33,2016-11-16 22:01:09.175755
524908,omega,0.5029708529420157, 0.4970291470579843,phi,0.2988603644090577, 0.4150402050495358, 0.2860994305414065,count precision recall f1 iter,1,0.2,0.25,0.22222222222222224,30,2016-11-16 22:03:12.009593
14987,omega,0.49922141847232787, 0.5007785815276721,phi,0.35488031241379714, 0.28298629811228865, 0.3621333894739142,count precision recall f1 iter,0,0.0,0.0,0,30,2016-11-16 22:05:29.205645
14125260,omega,0.4999576708340114, 0.5000423291659887,phi,0.32653633028299867, 0.35943643133204467, 0.3140272383849566,count precision recall f1 iter,1,0.2,0.25,0.22222222222222224,34,2016-11-16 22:08:04.540967
9419452,omega,0.5006456265503696, 0.49935437344963046,phi,0.32277994514932384, 0.3633392458148799, 0.3138808090357963,count precision recall f1 iter,1,0.2,0.5,0.28571428571428575,17,2016-11-16 22:08:33.258378
10201372,omega,0.5004580441112217, 0.4995419558887782,phi,0.32299477454674197, 0.35632312192453375, 0.32068210352872434,count precision recall f1 iter,1,0.2,0.25,0.22222222222222224,16,2016-11-16 22:11:49.282460
2353166,omega,0.5001202310548734, 0.4998797689451268,phi,0.31460519066688375, 0.4290009771690332, 0.2563938321640831,count precision recall f1 iter,2,0.4,0.25,0.3076923076923077,28,2016-11-16 22:11:49.456925
676107,omega,0.5001466018139342, 0.4998533981860657,phi,0.3924841232852186, 0.20888384178385938, 0.3986320349309221,count precision recall f1 iter,2,0.4,0.5,0.4444444444444445,18,2016-11-16 22:11:49.639410
9729483,omega,0.5021783938730471, 0.49782160612695286,phi,0.36831798293595513, 0.2598413794550977, 0.3718406376089472,count precision recall f1 iter,0,0.0,0.0,0,27,2016-11-16 22:13:47.380192
13755742,omega,0.5003089469686229, 0.4996910530313772,phi,0.3352559668722656, 0.3285373528622142, 0.33620668026552025,count precision recall f1 iter,1,0.2,0.3333333333333333,0.25,16,2016-11-16 22:17:20.752454
698383,omega,0.5009523402926657, 0.49904765970733433,phi,0.3422975687585731, 0.31322428264612256, 0.34447814859530435,count precision recall f1 iter,0,0.0,0.0,0,34,2016-11-16 22:20:50.800885
4711482,omega,0.5020490794824983, 0.49795092051750184,phi,0.3098023137031805, 0.3632968219632435, 0.32690086433357596,count precision recall f1 iter,0,0.0,0.0,0,23,2016-11-16 22:23:15.947587
13755977,omega,0.5024823323559603, 0.49751766764403976,phi,0.34505610743896115, 0.31787292838586745, 0.3370709641751714,count precision recall f1 iter,1,0.2,0.3333333333333333,0.25,20,2016-11-16 22:24:53.785917
9109385,omega,0.4981893044538885, 0.5018106955461116,phi,0.31570703559382546, 0.36967206831789906, 0.3146208960882754,count precision recall f1 iter,1,0.2,0.3333333333333333,0.25,35,2016-11-16 22:26:22.183648
4604920,omega,0.5017067567093916, 0.49829324329060853,phi,0.3526695941979432, 0.30033665841976276, 0.34699374738229394,count precision recall f1 iter,1,0.2,0.5,0.28571428571428575,23,2016-11-16 22:28:25.812622
1239715,omega,0.49984522268324283, 0.5001547773167573,phi,0.316132949582912, 0.36700590707392666, 0.3168611433431614,count precision recall f1 iter,1,0.2,1.0,0.33333333333333337,33,2016-11-16 22:30:19.880683
3859887,omega,0.4990814725973518, 0.5009185274026482,phi,0.33561477578199783, 0.32812119498248543, 0.3362640292355168,count precision recall f1 iter,0,0.0,0.0,0,26,2016-11-16 22:33:19.348210
10164574,omega,0.5014712552234357, 0.4985287447765643,phi,0.29198577249082536, 0.4150936392318235, 0.29292058827735107,count precision recall f1 iter,1,0.2,0.3333333333333333,0.25,27,2016-11-16 22:34:41.814133
10201458,omega,0.5017659856881537, 0.49823401431184633,phi,0.3170234196217198, 0.3657318972210705, 0.31724468315720966,count precision recall f1 iter,2,0.4,0.3333333333333333,0.3636363636363636,18,2016-11-16 22:38:48.921145
14051997,omega,0.500488309901509, 0.49951169009849095,phi,0.3323197335332688, 0.3332948048597975, 0.33438546160693366,count precision recall f1 iter,0,0.0,0.0,0,24,2016-11-16 22:40:58.522485
9642833,omega,0.4997412494508534, 0.5002587505491466,phi,0.1929561787889971, 0.6306835559581527, 0.1763602652528502,count precision recall f1 iter,1,0.2,0.3333333333333333,0.25,34,2016-11-16 22:42:08.225448
340719,omega,0.4999647114617973, 0.5000352885382028,phi,0.33993041831186266, 0.31825752984231104, 0.34181205184582636,count precision recall f1 iter,0,0.0,0.0,0,29,2016-11-16 22:42:08.754356
925579,omega,0.49988141130959735, 0.5001185886904027,phi,0.3404199091548176, 0.3209975607135161, 0.33858253013166634,count precision recall f1 iter,1,0.2,0.2,0.20000000000000004,30,2016-11-16 22:42:50.494417
10561862,omega,0.5007152388468302, 0.49928476115316983,phi,0.3606905341742732, 0.3018581665901176, 0.3374512992356092,count precision recall f1 iter,1,0.2,0.2,0.20000000000000004,16,2016-11-16 22:44:18.923718
460977,omega,0.49805658874594255, 0.5019434112540574,phi,0.27330825923072727, 0.4561923392542335, 0.2704994015150392,count precision recall f1 iter,1,0.2,0.125,0.15384615384615385,34,2016-11-16 22:47:20.984641
9624095,omega,0.4997765519316296, 0.5002234480683704,phi,0.3580595004424615, 0.2874261278550442, 0.3545143717024944,count precision recall f1 iter,1,0.2,0.3333333333333333,0.25,31,2016-11-16 22:49:07.362187
959147,omega,0.5003871952908266, 0.4996128047091732,phi,0.230540174255444, 0.555207465750777, 0.214252359993779,count precision recall f1 iter,0,0.0,0.0,0,27,2016-11-16 22:50:51.621598
9621454,omega,0.49929020548860287, 0.5007097945113972,phi,0.3190875219222085, 0.36095416394702906, 0.31995831413076237,count precision recall f1 iter,1,0.2,0.16666666666666666,0.1818181818181818,28,2016-11-16 23:00:44.418403
4422616,omega,0.49929848888970463, 0.5007015111102954,phi,0.2932935878048164, 0.41737185227404117, 0.2893345599211425,count precision recall f1 iter,1,0.2,0.3333333333333333,0.25,34,2016-11-16 23:02:40.379486
997055,omega,0.4997367189392427, 0.5002632810607572,phi,0.223141014164079, 0.5567728620619464, 0.22008612377397457,count precision recall f1 iter,1,0.2,0.3333333333333333,0.25,26,2016-11-16 23:04:21.543660
13809567,omega,0.5014402644323684, 0.4985597355676315,phi,0.33015054323499354, 0.3278856231643104, 0.341963833600696,count precision recall f1 iter,1,0.2,0.08333333333333333,0.11764705882352941,24,2016-11-16 23:08:07.434687
663987,omega,0.4986115166243379, 0.5013884833756621,phi,0.30708204421969326, 0.382220186937086, 0.31069776884322087,count precision recall f1 iter,1,0.2,0.16666666666666666,0.1818181818181818,33,2016-11-16 23:10:46.274334
1167659,omega,0.5012894845063193, 0.4987105154936808,phi,0.33928692983079783, 0.32036431135422366, 0.3403487588149785,count precision recall f1 iter,1,0.2,0.16666666666666666,0.1818181818181818,28,2016-11-16 23:11:07.823171
11279489,omega,0.5033013282587477, 0.4966986717412524,phi,0.3448207141151038, 0.2980816629559858, 0.3570976229289103,count precision recall f1 iter,0,0.0,0.0,0,34,2016-11-16 23:12:38.685435
4882089,omega,0.49974420695791494, 0.5002557930420849,phi,0.27571137329730255, 0.44894321647673896, 0.27534541022595854,count precision recall f1 iter,0,0.0,0.0,0,29,2016-11-16 23:13:56.559647
10925003,omega,0.5004647107617837, 0.4995352892382163,phi,0.33171933633903, 0.3371774821213228, 0.3311031815396472,count precision recall f1 iter,1,0.2,0.3333333333333333,0.25,15,2016-11-16 23:14:46.486494
10971362,omega,0.49977857319513225, 0.5002214268048678,phi,0.32919567131051336, 0.3476136851163344, 0.3231906435731522,count precision recall f1 iter,1,0.2,0.16666666666666666,0.1818181818181818,26,2016-11-16 23:18:11.649889
3809174,omega,0.49974887660436745, 0.5002511233956327,phi,0.34330202662692527, 0.3096174095289893, 0.3470805638440853,count precision recall f1 iter,1,0.2,0.2,0.20000000000000004,32,2016-11-16 23:19:37.481776
9727373,omega,0.5000192304614548, 0.4999807695385452,phi,0.367588560737786, 0.2692142207717791, 0.36319721849043496,count precision recall f1 iter,1,0.2,0.25,0.22222222222222224,32,2016-11-16 23:20:39.283222
10151654,omega,0.5015717377114599, 0.49842826228854015,phi,0.4229333573932941, 0.15405159620939302, 0.42301504639731285,count precision recall f1 iter,1,0.2,0.16666666666666666,0.1818181818181818,26,2016-11-16 23:26:16.475918
5070260,omega,0.4993800455230112, 0.5006199544769889,phi,0.4070710048760972, 0.21430155909145607, 0.37862743603244664,count precision recall f1 iter,1,0.2,0.2,0.20000000000000004,33,2016-11-16 23:30:45.165345
9606991,omega,0.5020138205449536, 0.49798617945504636,phi,0.19746512665140692, 0.6206709080637394, 0.1818639652848537,count precision recall f1 iter,1,0.2,0.3333333333333333,0.25,25,2016-11-16 23:31:06.303090
103469,omega,0.5014758003821035, 0.4985241996178967,phi,0.3490873580871837, 0.3040965119679266, 0.3468161299448898,count precision recall f1 iter,0,0.0,0.0,0,31,2016-11-16 23:32:18.083081
13928451,omega,0.5010340472369136, 0.49896595276308636,phi,0.32813850688375235, 0.3390426709588852, 0.33281882215736247,count precision recall f1 iter,1,0.2,0.3333333333333333,0.25,25,2016-11-16 23:33:21.066167
2916145,omega,0.4977016818298368, 0.5022983181701633,phi,0.15563140935237477, 0.6891585437134508, 0.1552100469341744,count precision recall f1 iter,0,0.0,0.0,0,36,2016-11-16 23:35:30.445420
93113,omega,0.4992674461529873, 0.5007325538470128,phi,0.394744980100427, 0.21015746372098215, 0.3950975561785908,count precision recall f1 iter,1,0.2,0.25,0.22222222222222224,29,2016-11-16 23:36:39.101100
954813,omega,0.5005421340868761, 0.499457865913124,phi,0.34357191831051115, 0.3106577270212884, 0.3457703546682005,count precision recall f1 iter,1,0.2,0.14285714285714285,0.16666666666666666,24,2016-11-16 23:39:58.198968
13083411,omega,0.5022030335992368, 0.49779696640076315,phi,0.33729214022672566, 0.320846996132186, 0.34186086364108825,count precision recall f1 iter,0,0.0,0.0,0,36,2016-11-16 23:48:17.327573
406323,omega,0.5002575249269285, 0.4997424750730715,phi,0.05280521482193035, 0.9049699388549794, 0.04222484632309023,count precision recall f1 iter,1,0.2,0.16666666666666666,0.1818181818181818,32,2016-11-16 23:49:02.527845
13802275,omega,0.5040275135795188, 0.49597248642048114,phi,0.32883602406382445, 0.34258942842194035, 0.3285745475142353,count precision recall f1 iter,1,0.2,0.3333333333333333,0.25,32,2016-11-16 23:50:34.153142
9759716,omega,0.5005948492237006, 0.4994051507762995,phi,0.30581643516462836, 0.3954704984880458, 0.2987130663473258,count precision recall f1 iter,1,0.2,0.25,0.22222222222222224,22,2016-11-16 23:52:16.110427
9463669,omega,0.5017977687105677, 0.4982022312894324,phi,0.22414314264398572, 0.5560346801055189, 0.21982217725049538,count precision recall f1 iter,0,0.0,0.0,0,20,2016-11-16 23:55:59.908414
4453627,omega,0.5014992852187247, 0.4985007147812753,phi,0.3235161117462221, 0.3526978722703679, 0.32378601598341,count precision recall f1 iter,1,0.2,0.1,0.13333333333333333,24,2016-11-16 23:58:10.069766
112222,omega,0.5000529783884573, 0.4999470216115428,phi,0.17096573853444627, 0.6873997887901936, 0.1416344726753602,count precision recall f1 iter,1,0.2,0.2,0.20000000000000004,31,2016-11-16 23:58:10.655825
1374932,omega,0.5011029614645487, 0.4988970385354514,phi,0.23571628036603862, 0.5473750336661554, 0.2169086859678059,count precision recall f1 iter,1,0.2,0.3333333333333333,0.25,26,2016-11-16 23:58:56.538427
9161791,omega,0.5004109717282795, 0.49958902827172047,phi,0.3409816911555022, 0.32679595807896683, 0.33222235076553086,count precision recall f1 iter,1,0.2,0.25,0.22222222222222224,25,2016-11-17 00:00:13.275609
998449,omega,0.5013507967011878, 0.49864920329881224,phi,0.23986254158366999, 0.5274040854003264, 0.23273337301600366,count precision recall f1 iter,1,0.2,0.14285714285714285,0.16666666666666666,22,2016-11-17 00:03:32.777948
9421192,omega,0.5007256802392759, 0.49927431976072423,phi,0.33387344485747694, 0.32719432012978017, 0.33893223501274294,count precision recall f1 iter,1,0.2,0.25,0.22222222222222224,25,2016-11-17 00:05:47.859374
9505,omega,0.5000071348977104, 0.4999928651022896,phi,0.49909497084213966, 0.0005272102604501537, 0.5003778188974102,count precision recall f1 iter,2,0.4,0.4,0.4000000000000001,5,2016-11-17 00:06:05.129326
4051385,omega,0.4991846304417584, 0.5008153695582415,phi,0.29108419529864255, 0.42364030297574656, 0.28527550172561095,count precision recall f1 iter,0,0.0,0.0,0,36,2016-11-17 00:06:40.917550
14076694,omega,0.4997748867219177, 0.5002251132780822,phi,0.31106058900168854, 0.3774685319229109, 0.31147087907540055,count precision recall f1 iter,1,0.2,0.25,0.22222222222222224,24,2016-11-17 00:08:04.049746
9640142,omega,0.5014710277972529, 0.49852897220274695,phi,0.37525820484863237, 0.23597561150397334, 0.3887661836473943,count precision recall f1 iter,1,0.2,0.3333333333333333,0.25,25,2016-11-17 00:11:21.691626
11842174,omega,0.5, 0.5,phi,0.3352541002165184, 0.328860436877944, 0.3358854629055376,count precision recall f1 iter,0,0.0,0.0,0,1,2016-11-17 00:11:25.586489
9309392,omega,0.5003530520615843, 0.49964694793841574,phi,0.3651854765721976, 0.2700129349101254, 0.3648015885176769,count precision recall f1 iter,2,0.4,0.5,0.4444444444444445,20,2016-11-17 00:12:31.486835
5023118,omega,0.5019707588238708, 0.4980292411761293,phi,0.38150562998383397, 0.24395355102663427, 0.37454081898953195,count precision recall f1 iter,0,0.0,0.0,0,29,2016-11-17 00:13:26.855167
10011554,omega,0.4990778876881952, 0.5009221123118048,phi,0.3155679558203473, 0.37630223074452196, 0.30812981343513074,count precision recall f1 iter,1,0.2,0.2,0.20000000000000004,32,2016-11-17 00:14:28.757375
939453,omega,0.4993574351513952, 0.5006425648486047,phi,0.30867943852033164, 0.3806677617570346, 0.3106527997226338,count precision recall f1 iter,2,0.4,0.5,0.4444444444444445,35,2016-11-17 00:15:50.640748
11546904,omega,0.4986026628320635, 0.5013973371679366,phi,0.33232115642628157, 0.33529454144989773, 0.33238430212382064,count precision recall f1 iter,0,0.0,0.0,0,36,2016-11-17 00:19:23.905200
321801,omega,0.5019397772588688, 0.4980602227411311,phi,0.35237752198862354, 0.29260343344299755, 0.35501904456837885,count precision recall f1 iter,0,0.0,0.0,0,26,2016-11-17 00:20:10.377853
4677655,omega,0.502393372953102, 0.4976066270468979,phi,0.3324779942376959, 0.3330093534610437, 0.33451265230126037,count precision recall f1 iter,0,0.0,0.0,0,21,2016-11-17 00:22:10.183635
184282,omega,0.5017323384973253, 0.4982676615026746,phi,0.4047587147074592, 0.1821599936914748, 0.413081291601066,count precision recall f1 iter,0,0.0,0.0,0,29,2016-11-17 00:23:18.406668
510194,omega,0.5, 0.5,phi,0.33360507143177626, 0.33277141481587286, 0.3336235137523509,count precision recall f1 iter,0,0.0,0.0,0,1,2016-11-17 00:23:18.453292
9696778,omega,0.4981123385448651, 0.5018876614551349,phi,0.34565699149410817, 0.3013492446721182, 0.35299376383377373,count precision recall f1 iter,1,0.2,0.16666666666666666,0.1818181818181818,27,2016-11-17 00:31:40.579883
261834,omega,0.5, 0.5,phi,0.3399348242579159, 0.32011594818553984, 0.3399492275565444,count precision recall f1 iter,0,0.0,0.0,0,1,2016-11-17 00:31:40.607958
6158185,omega,0.49968087208467965, 0.5003191279153204,phi,0.3371029130394507, 0.3231872145436239, 0.33970987241692524,count precision recall f1 iter,1,0.2,0.3333333333333333,0.25,31,2016-11-17 00:32:24.264120
4186146,omega,0.5009106405386424, 0.49908935946135763,phi,0.24945510238659166, 0.5106047512958797, 0.23994014631752866,count precision recall f1 iter,1,0.2,0.25,0.22222222222222224,28,2016-11-17 00:33:34.763703
680148,omega,0.5010122507209708, 0.49898774927902917,phi,0.33789583513840626, 0.31943822071488526, 0.3426659441467085,count precision recall f1 iter,0,0.0,0.0,0,34,2016-11-17 00:34:39.566127
314861,omega,0.5003452162587626, 0.49965478374123745,phi,0.4976754997209174, 0.0006125180498699535, 0.5017119822292126,count precision recall f1 iter,0,0.0,0.0,0,17,2016-11-17 00:35:39.774829
668606,omega,0.5, 0.5,phi,0.33379216280277374, 0.33244931495503455, 0.33375852224219166,count precision recall f1 iter,0,0.0,0.0,0,1,2016-11-17 00:35:39.816941
14344924,omega,0.5015118721907323, 0.4984881278092677,phi,0.34033062757247484, 0.32748430726182615, 0.332185065165699,count precision recall f1 iter,0,0.0,0.0,0,16,2016-11-17 00:39:12.918468
10061437,omega,0.4996414661504438, 0.5003585338495563,phi,0.3061405362520244, 0.39070984853838153, 0.3031496152095941,count precision recall f1 iter,1,0.2,0.2,0.20000000000000004,29,2016-11-17 00:40:04.624546
10903275,omega,0.4994456578374729, 0.5005543421625271,phi,0.32664676058295833, 0.33667661970852086, 0.33667661970852086,count precision recall f1 iter,0,0.0,0.0,0,30,2016-11-17 00:41:53.699289
54521,omega,0.4988484259949364, 0.5011515740050636,phi,0.3382044115836104, 0.3240605664428194, 0.3377350219735703,count precision recall f1 iter,0,0.0,0.0,0,33,2016-11-17 00:44:08.292914
652735,omega,0.5011881440835199, 0.4988118559164802,phi,0.3796756640639604, 0.24076568199133017, 0.37955865394470945,count precision recall f1 iter,0,0.0,0.0,0,31,2016-11-17 00:44:49.183715
9142727,omega,0.49957925168338124, 0.5004207483166186,phi,0.214081364999329, 0.5744210870508195, 0.2114975479498515,count precision recall f1 iter,1,0.2,0.3333333333333333,0.25,24,2016-11-17 00:47:50.842096
565501,omega,0.4999232285041582, 0.5000767714958417,phi,0.267195102317973, 0.46957800101195185, 0.26322689667007526,count precision recall f1 iter,0,0.0,0.0,0,31,2016-11-17 00:47:51.593095
11626792,omega,0.499778634498863, 0.5002213655011369,phi,0.32641899831359594, 0.3727063948571584, 0.30087460682924566,count precision recall f1 iter,1,0.2,0.25,0.22222222222222224,34,2016-11-17 00:52:17.216363
60862,omega,0.5, 0.49999999999999994,phi,0.3323143407185865, 0.33567463967245215, 0.33201101960896134,count precision recall f1 iter,0,0.0,0.0,0,1,2016-11-17 00:52:17.272012
7440,omega,0.4984776296600718, 0.5015223703399283,phi,0.004784304800833445, 0.9920728444049537, 0.0031428507942128227,count precision recall f1 iter,1,0.2,1.0,0.33333333333333337,39,2016-11-17 00:52:41.146536
48523,omega,0.4991887516383124, 0.5008112483616876,phi,0.16208846740779667, 0.6570286341674914, 0.18088289842471197,count precision recall f1 iter,1,0.2,0.2,0.20000000000000004,38,2016-11-17 00:53:48.113219
9248967,omega,0.4997950495335372, 0.5002049504664627,phi,0.3443169133899544, 0.30616086957977373, 0.3495222170302718,count precision recall f1 iter,1,0.2,0.25,0.22222222222222224,28,2016-11-17 00:56:19.335100
4739043,omega,0.4992527961519373, 0.5007472038480626,phi,0.3497713691819179, 0.3014819668452106, 0.34874666397287135,count precision recall f1 iter,1,0.2,0.2,0.20000000000000004,29,2016-11-17 00:58:31.567444
10257235,omega,0.5028965075523147, 0.49710349244768526,phi,0.269015735198657, 0.46957544331475276, 0.26140882148659017,count precision recall f1 iter,1,0.2,0.3333333333333333,0.25,25,2016-11-17 01:00:14.373021
9499,omega,0.4995086747411276, 0.5004913252588725,phi,0.24241031639134977, 0.5233288207471857, 0.23426086286146458,count precision recall f1 iter,1,0.2,0.25,0.22222222222222224,38,2016-11-17 01:02:48.862597
429532,omega,0.5004387174228545, 0.49956128257714544,phi,0.4911098190485629, 0.009343794711242255, 0.499546386240195,count precision recall f1 iter,1,0.2,0.5,0.28571428571428575,13,2016-11-17 01:03:30.253227
11117574,omega,0.49994244649679226, 0.5000575535032078,phi,0.33080760184813546, 0.33691187050112614, 0.3322805276507385,count precision recall f1 iter,4,0.8,1.0,0.888888888888889,24,2016-11-17 01:04:27.268438
1353138,omega,0.5, 0.5,phi,0.3343906396696714, 0.3314266189551763, 0.3341827413751523,count precision recall f1 iter,0,0.0,0.0,0,1,2016-11-17 01:04:27.325088
9315193,omega,0.49823333001549586, 0.5017666699845041,phi,0.3410981349587826, 0.3206890942668949, 0.3382127707743225,count precision recall f1 iter,1,0.2,0.3333333333333333,0.25,32,2016-11-17 01:09:01.037924
3779321,omega,0.49986927400600145, 0.5001307259939985,phi,0.22359526538434138, 0.556578199145143, 0.21982653547051562,count precision recall f1 iter,2,0.4,0.3333333333333333,0.3636363636363636,28,2016-11-17 01:09:08.530861
9962233,omega,0.5008462439066843, 0.4991537560933158,phi,0.3390914261816388, 0.33177805110025965, 0.3291305227181015,count precision recall f1 iter,1,0.2,0.3333333333333333,0.25,26,2016-11-17 01:11:58.604122
3769914,omega,0.4996103968815324, 0.5003896031184675,phi,0.2709355771898502, 0.4610469285690798, 0.2680174942410701,count precision recall f1 iter,1,0.2,0.25,0.22222222222222224,23,2016-11-17 01:16:58.486543
10514814,omega,0.49869954561035856, 0.5013004543896414,phi,0.26923338372765265, 0.5009421801017047, 0.2298244361706428,count precision recall f1 iter,1,0.2,0.25,0.22222222222222224,31,2016-11-17 01:20:51.026279
9690351,omega,0.5004507451980665, 0.4995492548019335,phi,0.32769589625183426, 0.34539183294878095, 0.32691227079938484,count precision recall f1 iter,0,0.0,0.0,0,33,2016-11-17 01:24:15.009572
4978533,omega,0.4983285141266878, 0.5016714858733121,phi,0.28771763802294226, 0.4188032429043713, 0.2934791190726865,count precision recall f1 iter,0,0.0,0.0,0,37,2016-11-17 01:26:28.449641
4324571,omega,0.4996128156921813, 0.5003871843078187,phi,0.33797604027031647, 0.3215672008441402, 0.3404567588855432,count precision recall f1 iter,1,0.2,0.125,0.15384615384615385,31,2016-11-17 01:28:35.035458
748573,omega,0.5001462924458245, 0.4998537075541754,phi,0.33402868223543664, 0.3678655652912263, 0.29810575247333704,count precision recall f1 iter,0,0.0,0.0,0,35,2016-11-17 01:30:27.330249
11080150,omega,0.4997823199808935, 0.5002176800191065,phi,0.2787214075837642, 0.4419408974723792, 0.2793376949438566,count precision recall f1 iter,1,0.2,0.3333333333333333,0.25,25,2016-11-17 01:32:15.958293
3680878,omega,0.5004575897724153, 0.49954241022758467,phi,0.34217184274439194, 0.3145938604972175, 0.3432342967583905,count precision recall f1 iter,0,0.0,0.0,0,22,2016-11-17 01:34:34.245243
4697801,omega,0.4997167084364389, 0.5002832915635611,phi,0.2262491884688327, 0.5567379059925037, 0.2170129055386636,count precision recall f1 iter,1,0.2,0.25,0.22222222222222224,31,2016-11-17 01:34:41.495534
687857,omega,0.4999713114865499, 0.5000286885134502,phi,0.283533899726113, 0.43605202445731234, 0.2804140758165747,count precision recall f1 iter,1,0.2,0.3333333333333333,0.25,24,2016-11-17 01:34:41.709604
3921987,omega,0.5024797127859538, 0.4975202872140461,phi,0.3746535493516724, 0.26274479194150707, 0.36260165870682065,count precision recall f1 iter,1,0.2,0.16666666666666666,0.1818181818181818,24,2016-11-17 01:37:04.704584
7101956,omega,0.4998230136237344, 0.5001769863762656,phi,0.351551351228226, 0.29793238957328533, 0.35051625919848867,count precision recall f1 iter,1,0.2,0.3333333333333333,0.25,32,2016-11-17 01:41:17.174367
123208,omega,0.5023127756015353, 0.49768722439846474,phi,0.3285246177168861, 0.34530345511244487, 0.326171927170669,count precision recall f1 iter,1,0.2,0.16666666666666666,0.1818181818181818,22,2016-11-17 01:42:43.325599
959718,omega,0.5016832154097305, 0.4983167845902695,phi,0.4492305810829025, 0.10178919255033379, 0.44898022636676366,count precision recall f1 iter,0,0.0,0.0,0,32,2016-11-17 01:46:01.310909
9102538,omega,0.4999223464759181, 0.5000776535240818,phi,0.3350991596543698, 0.32983534598460135, 0.3350654943610289,count precision recall f1 iter,1,0.2,0.3333333333333333,0.25,25,2016-11-17 01:46:46.355266
1523191,omega,0.5001201354978729, 0.4998798645021271,phi,0.33636739461415105, 0.3280288971663178, 0.33560370821953117,count precision recall f1 iter,0,0.0,0.0,0,35,2016-11-17 01:47:48.644008
9942601,omega,0.5008483021508001, 0.49915169784919994,phi,0.16863320473235896, 0.6648143226572, 0.16655247261044104,count precision recall f1 iter,1,0.2,0.25,0.22222222222222224,30,2016-11-17 01:51:35.504138
839336,omega,0.49724313172790985, 0.5027568682720902,phi,0.2938611116021886, 0.4134406426165738, 0.29269824578123754,count precision recall f1 iter,0,0.0,0.0,0,40,2016-11-17 01:57:16.650357
1364456,omega,0.5, 0.5,phi,0.33355047008469463, 0.33292295535299615, 0.33352657456230905,count precision recall f1 iter,0,0.0,0.0,0,1,2016-11-17 01:57:27.531317
9647883,omega,0.5000301801842653, 0.4999698198157348,phi,0.3304070700193634, 0.33212672503422924, 0.3374662049464072,count precision recall f1 iter,1,0.2,0.3333333333333333,0.25,22,2016-11-17 01:58:39.677782
329510,omega,0.5002334589736366, 0.4997665410263634,phi,0.4947016173102333, 0.004738404219162802, 0.5005599784706037,count precision recall f1 iter,1,0.2,0.16666666666666666,0.1818181818181818,19,2016-11-17 01:58:48.239563
9618001,omega,0.5011596489562443, 0.4988403510437556,phi,0.38826182219797656, 0.2500639393856386, 0.3616742384163849,count precision recall f1 iter,0,0.0,0.0,0,27,2016-11-17 01:59:43.585830
784343,omega,0.5006499115560887, 0.4993500884439112,phi,0.1998856061972999, 0.6038510308207317, 0.19626336298196848,count precision recall f1 iter,1,0.2,0.25,0.22222222222222224,21,2016-11-17 02:01:49.110322
4504437,omega,0.5013015917626472, 0.49869840823735295,phi,0.3446094839927751, 0.3092578126379261, 0.34613270336929863,count precision recall f1 iter,1,0.2,0.16666666666666666,0.1818181818181818,25,2016-11-17 02:03:20.773243
1141080,omega,0.5001678661365924, 0.4998321338634077,phi,0.36724461899253186, 0.2815986254505716, 0.3511567555568965,count precision recall f1 iter,2,0.4,0.6666666666666666,0.5,18,2016-11-17 02:03:21.028422
4766160,omega,0.4988993253293061, 0.5011006746706941,phi,0.36551141833000017, 0.27595134334051374, 0.35853723832948625,count precision recall f1 iter,1,0.2,0.25,0.22222222222222224,32,2016-11-17 02:07:22.567608
782673,omega,0.499946936057718, 0.500053063942282,phi,0.2821099689051277, 0.4370087910309995, 0.28088124006387283,count precision recall f1 iter,1,0.2,0.16666666666666666,0.1818181818181818,32,2016-11-17 02:09:19.344825
9261711,omega,0.5005530983261353, 0.49944690167386474,phi,0.38044061999739825, 0.23180146507438237, 0.3877579149282194,count precision recall f1 iter,0,0.0,0.0,0,32,2016-11-17 02:11:02.885824
9701993,omega,0.501191965031678, 0.49880803496832204,phi,0.3175954727678263, 0.35102809071530966, 0.33137643651686405,count precision recall f1 iter,0,0.0,0.0,0,23,2016-11-17 02:13:34.257092
1167595,omega,0.4994071233436371, 0.5005928766563629,phi,0.3668166301923783, 0.2616813509428281, 0.37150201886479367,count precision recall f1 iter,0,0.0,0.0,0,33,2016-11-17 02:16:48.590669
4721679,omega,0.5019784472664425, 0.4980215527335576,phi,0.33062537616490006, 0.3357367588791046, 0.33363786495599534,count precision recall f1 iter,0,0.0,0.0,0,21,2016-11-17 02:18:16.247905
4249633,omega,0.4999644801690851, 0.5000355198309149,phi,0.3776035427110931, 0.25100248023422655, 0.37139397705468036,count precision recall f1 iter,1,0.2,0.25,0.22222222222222224,27,2016-11-17 02:18:31.331038
10105197,omega,0.5022381047307684, 0.4977618952692316,phi,0.30630673585509893, 0.38787794623200894, 0.30581531791289207,count precision recall f1 iter,2,0.4,0.4,0.4000000000000001,31,2016-11-17 02:19:18.687553
1167574,omega,0.49632781104159157, 0.5036721889584084,phi,0.3476679086753619, 0.29841872146247905, 0.35391336986215893,count precision recall f1 iter,0,0.0,0.0,0,38,2016-11-17 02:27:46.631614
211492,omega,0.5, 0.49999999999999994,phi,0.33648110436449846, 0.32789920405189804, 0.33561969158360344,count precision recall f1 iter,0,0.0,0.0,0,1,2016-11-17 02:27:46.671219
10284571,omega,0.4999467367320032, 0.5000532632679968,phi,0.342636465262354, 0.31647618613118783, 0.3408873486064583,count precision recall f1 iter,1,0.2,0.25,0.22222222222222224,31,2016-11-17 02:28:27.190031
6383098,omega,0.4993057036894539, 0.5006942963105461,phi,0.33699302408611137, 0.32463289406385837, 0.33837408185003026,count precision recall f1 iter,0,0.0,0.0,0,22,2016-11-17 02:31:15.983219
802275,omega,0.4998865279228614, 0.5001134720771386,phi,0.2773594523497476, 0.45676213183425923, 0.2658784158159931,count precision recall f1 iter,1,0.25,0.5,0.3333333333333333,24,2016-11-17 02:31:16.093011
1028607,omega,0.5, 0.49999999999999994,phi,0.3330569172741665, 0.3339820234104668, 0.3329610593153668,count precision recall f1 iter,1,0.2,0.2,0.20000000000000004,1,2016-11-17 02:31:16.133619
9251891,omega,0.49984300472525534, 0.5001569952747447,phi,0.32707290677565243, 0.3436145220291527, 0.32931257119519486,count precision recall f1 iter,1,0.2,0.25,0.22222222222222224,29,2016-11-17 02:34:54.580860
19409,omega,0.5032729930156823, 0.4967270069843177,phi,0.2985660415309478, 0.3984087909229471, 0.3030251675461051,count precision recall f1 iter,0,0.0,0.0,0,22,2016-11-17 02:37:42.561836
551996,omega,0.4990940042750366, 0.5009059957249634,phi,0.33798938657191036, 0.3239979138958788, 0.33801269953221097,count precision recall f1 iter,1,0.2,0.5,0.28571428571428575,36,2016-11-17 02:38:00.389271
9605734,omega,0.5018514534485545, 0.4981485465514456,phi,0.3601982210609545, 0.28410791465631124, 0.3556938642827343,count precision recall f1 iter,0,0.0,0.0,0,33,2016-11-17 02:38:55.213646
1195189,omega,0.5012213825524984, 0.4987786174475016,phi,0.4842635368747048, 0.0155732467542523, 0.5001632163710428,count precision recall f1 iter,1,0.2,0.3333333333333333,0.25,24,2016-11-17 02:40:00.573555
9060690,omega,0.49757239998311165, 0.5024276000168882,phi,0.3305698792696158, 0.3395809218439528, 0.3298491988864314,count precision recall f1 iter,1,0.2,0.3333333333333333,0.25,39,2016-11-17 02:41:20.585958
95427,omega,0.5015730079474868, 0.49842699205251334,phi,0.16586058102349122, 0.6665416175133718, 0.16759780146313702,count precision recall f1 iter,1,0.2,0.3333333333333333,0.25,23,2016-11-17 02:42:23.266738
3918474,omega,0.5000736950340919, 0.499926304965908,phi,0.39060425821025374, 0.20607260479167253, 0.40332313699807376,count precision recall f1 iter,1,0.2,0.16666666666666666,0.1818181818181818,22,2016-11-17 02:48:36.065177
3906628,omega,0.5013229529938059, 0.4986770470061941,phi,0.3401507314222805, 0.31596522073640987, 0.34388404784130966,count precision recall f1 iter,0,0.0,0.0,0,28,2016-11-17 02:50:07.508487
4413738,omega,0.5029372154423224, 0.4970627845576775,phi,0.35150459473697915, 0.2988685647802069, 0.34962684048281395,count precision recall f1 iter,0,0.0,0.0,0,27,2016-11-17 02:51:52.063183
380155,omega,0.5009914185929751, 0.499008581407025,phi,0.3576522290603629, 0.28636179945607126, 0.3559859714835658,count precision recall f1 iter,1,0.2,0.25,0.22222222222222224,25,2016-11-17 02:53:08.930713
3785570,omega,0.5009664102848294, 0.49903358971517064,phi,0.39990610755158884, 0.20150143307949922, 0.3985924593689119,count precision recall f1 iter,1,0.2,0.25,0.22222222222222224,26,2016-11-17 02:54:15.131358
10236111,omega,0.49913430088645455, 0.5008656991135455,phi,0.3382200447180081, 0.32618964833105524, 0.33559030695093656,count precision recall f1 iter,1,0.2,0.5,0.28571428571428575,29,2016-11-17 03:01:30.519352
1370349,omega,0.500556998894167, 0.499443001105833,phi,0.32611921757697454, 0.35717468477807723, 0.3167060976449482,count precision recall f1 iter,1,0.2,0.14285714285714285,0.16666666666666666,24,2016-11-17 03:02:10.441088
35018,omega,0.4995316494459549, 0.5004683505540451,phi,0.49650518338058097, 0.005532509398797272, 0.49796230722062174,count precision recall f1 iter,1,0.2,0.25,0.22222222222222224,33,2016-11-17 03:03:27.502130
683762,omega,0.501102703702481, 0.49889729629751894,phi,0.3821455575239405, 0.23494636630704938, 0.3829080761690101,count precision recall f1 iter,0,0.0,0.0,0,20,2016-11-17 03:05:40.120013
252249,omega,0.501058080504391, 0.49894191949560895,phi,0.39587188301359333, 0.20334613197899543, 0.4007819850074113,count precision recall f1 iter,0,0.0,0.0,0,30,2016-11-17 03:07:42.616969
4002392,omega,0.4998602296338745, 0.5001397703661256,phi,0.3502284715533389, 0.30910966432592085, 0.3406618641207402,count precision recall f1 iter,1,0.2,0.5,0.28571428571428575,25,2016-11-17 03:09:09.011355
4774319,omega,0.4996215421189568, 0.5003784578810432,phi,0.33764802347448514, 0.3240077625147974, 0.33834421401071735,count precision recall f1 iter,1,0.2,0.3333333333333333,0.25,25,2016-11-17 03:10:35.503495
13194551,omega,0.5012609749568773, 0.4987390250431228,phi,0.3400550211300966, 0.29028314969467334, 0.36966182917523,count precision recall f1 iter,2,0.4,0.5,0.4444444444444445,29,2016-11-17 03:11:23.809531
285082,omega,0.5000602557566928, 0.4999397442433073,phi,0.07599723708321986, 0.8493049905212758, 0.07469777239550424,count precision recall f1 iter,1,0.2,0.2,0.20000000000000004,25,2016-11-17 03:16:02.546601
4685648,omega,0.5016249453109424, 0.4983750546890576,phi,0.3463827955964306, 0.31511085789206505, 0.33850634651150435,count precision recall f1 iter,0,0.0,0.0,0,25,2016-11-17 03:16:46.004802
9953918,omega,0.5009405116145212, 0.49905948838547864,phi,0.3606363435603005, 0.26982704896743887, 0.3695366074722605,count precision recall f1 iter,1,0.2,0.25,0.22222222222222224,21,2016-11-17 03:22:02.816073
4016160,omega,0.5007846174033929, 0.49921538259660714,phi,0.3239784112858504, 0.3488145042607538, 0.32720708445339564,count precision recall f1 iter,0,0.0,0.0,0,21,2016-11-17 03:25:01.747709
4980157,omega,0.49992423662018504, 0.5000757633798151,phi,0.2484516360232047, 0.4952663331244305, 0.25628203085236473,count precision recall f1 iter,1,0.2,0.16666666666666666,0.1818181818181818,33,2016-11-17 03:27:48.065334
54393,omega,0.5, 0.5,phi,0.3387382922779652, 0.3225153616053771, 0.3387463461166576,count precision recall f1 iter,0,0.0,0.0,0,1,2016-11-17 03:27:49.611949
736839,omega,0.5010774046442834, 0.4989225953557165,phi,0.2991922459330931, 0.3992553426423035, 0.3015524114246035,count precision recall f1 iter,1,0.2,0.3333333333333333,0.25,35,2016-11-17 03:29:00.339189
762867,omega,0.5013669602281148, 0.49863303977188533,phi,0.34909144986836244, 0.31115779326174015, 0.3397507568698974,count precision recall f1 iter,1,0.2,0.25,0.22222222222222224,29,2016-11-17 03:29:17.595103
10193735,omega,0.5008955647206158, 0.4991044352793841,phi,0.33050109857296506, 0.34312984056556156, 0.3263690608614734,count precision recall f1 iter,1,0.2,0.25,0.22222222222222224,23,2016-11-17 03:31:04.827059
402058,omega,0.4999725930470485, 0.5000274069529516,phi,0.4882218021421941, 0.021906866262383223, 0.4898713315954227,count precision recall f1 iter,0,0.0,0.0,0,9,2016-11-17 03:31:17.064119
11981864,omega,0.4997865241503524, 0.5002134758496476,phi,0.34984293171469444, 0.31258230916966173, 0.3375747591156438,count precision recall f1 iter,1,0.2,0.3333333333333333,0.25,32,2016-11-17 03:32:24.199228
431266,omega,0.4995975572436355, 0.5004024427563646,phi,0.28018835130824005, 0.4395814569312608, 0.2802301917604992,count precision recall f1 iter,0,0.0,0.0,0,29,2016-11-17 03:32:45.554915
9111641,omega,0.500963833024145, 0.499036166975855,phi,0.32991041354749984, 0.3422397568545889, 0.3278498295979113,count precision recall f1 iter,2,0.4,0.6666666666666666,0.5,30,2016-11-17 03:33:51.442509
679710,omega,0.49923046532689475, 0.5007695346731053,phi,0.3583428700786278, 0.2639949381879165, 0.3776621917334557,count precision recall f1 iter,1,0.2,0.2,0.20000000000000004,27,2016-11-17 03:37:02.439758
3780602,omega,0.4993508339511536, 0.5006491660488465,phi,0.3471812745089947, 0.3073564736525337, 0.34546225183847173,count precision recall f1 iter,1,0.2,0.25,0.22222222222222224,30,2016-11-17 03:37:18.539118
285080,omega,0.5014669911888708, 0.49853300881112916,phi,0.1102182512912897, 0.779693627655649, 0.11008812105306133,count precision recall f1 iter,1,0.2,0.16666666666666666,0.1818181818181818,19,2016-11-17 03:37:52.060978
3929140,omega,0.4998447434216336, 0.5001552565783665,phi,0.3605010106101227, 0.2918127769914021, 0.34768621239847514,count precision recall f1 iter,1,0.2,0.3333333333333333,0.25,26,2016-11-17 03:38:12.826229
783980,omega,0.5005255560959693, 0.4994744439040307,phi,0.273232369970602, 0.4865661628829608, 0.24020146714643728,count precision recall f1 iter,1,0.2,0.25,0.22222222222222224,21,2016-11-17 03:39:22.170083
9151050,omega,0.5011785860521615, 0.4988214139478387,phi,0.2275880901943289, 0.5553645223656826, 0.21704738743998853,count precision recall f1 iter,1,0.2,0.2,0.20000000000000004,26,2016-11-17 03:40:04.957565
10837037,omega,0.5003836434092187, 0.4996163565907813,phi,0.35817918569881896, 0.2819344267113063, 0.3598863875898747,count precision recall f1 iter,1,0.2,0.2,0.20000000000000004,27,2016-11-17 03:40:55.742751
154991,omega,0.501633541087246, 0.498366458912754,phi,0.1819821803058272, 0.6430165881232983, 0.17500123157087452,count precision recall f1 iter,0,0.0,0.0,0,26,2016-11-17 03:41:06.911502
419557,omega,0.4992247889950993, 0.5007752110049007,phi,0.4047421648081391, 0.18792515209298122, 0.4073326830988797,count precision recall f1 iter,0,0.0,0.0,0,33,2016-11-17 03:42:26.341411
1317160,omega,0.5024792993633526, 0.49752070063664744,phi,0.3804667488398893, 0.2134084009842064, 0.4061248501759042,count precision recall f1 iter,0,0.0,0.0,0,24,2016-11-17 03:43:54.738424
1220729,omega,0.4987733814644129, 0.501226618535587,phi,0.34014663509764764, 0.31177702223974824, 0.3480763426626041,count precision recall f1 iter,0,0.0,0.0,0,33,2016-11-17 03:44:35.530538
11470328,omega,0.5004480418157427, 0.49955195818425735,phi,0.2892831287674215, 0.4278161432531509, 0.2829007279794275,count precision recall f1 iter,1,0.2,0.3333333333333333,0.25,24,2016-11-17 03:45:15.066839
682495,omega,0.5002334992887246, 0.49976650071127543,phi,0.3235793023123767, 0.348158848415599, 0.32826184927202423,count precision recall f1 iter,0,0.0,0.0,0,27,2016-11-17 03:45:41.408943
4738341,omega,0.4993409251244089, 0.5006590748755911,phi,0.3338521829133975, 0.3318716686471091, 0.3342761484394933,count precision recall f1 iter,1,0.2,0.14285714285714285,0.16666666666666666,24,2016-11-17 03:47:28.476546
10186200,omega,0.5011748366545052, 0.49882516334549476,phi,0.3005942247812606, 0.4038005829194734, 0.29560519229926596,count precision recall f1 iter,0,0.0,0.0,0,24,2016-11-17 03:49:51.408945
3748056,omega,0.49999623618241334, 0.5000037638175868,phi,0.2842667054589577, 0.4239507452915666, 0.2917825492494757,count precision recall f1 iter,0,0.0,0.0,0,36,2016-11-17 03:50:12.240406
10275752,omega,0.4983827847717774, 0.5016172152282227,phi,0.34133272314373236, 0.3103929133978016, 0.348274363458466,count precision recall f1 iter,1,0.2,0.2,0.20000000000000004,35,2016-11-17 03:52:03.841314
681489,omega,0.4999917138242203, 0.5000082861757796,phi,0.32729014077223595, 0.34492461453514683, 0.32778524469261716,count precision recall f1 iter,1,0.2,0.3333333333333333,0.25,34,2016-11-17 03:53:15.331584
10269043,omega,0.5017083800468859, 0.4982916199531142,phi,0.3314088275993262, 0.3313257965603786, 0.3372653758402953,count precision recall f1 iter,1,0.2,0.25,0.22222222222222224,26,2016-11-17 03:55:10.513720
429539,omega,0.5024970974130363, 0.49750290258696384,phi,0.4296026473704168, 0.1341099488682235, 0.4362874037613596,count precision recall f1 iter,0,0.0,0.0,0,20,2016-11-17 03:56:37.622660
11134936,omega,0.49884524188143925, 0.5011547581185609,phi,0.3771278780950339, 0.2562070018392558, 0.3666651200657103,count precision recall f1 iter,2,0.4,0.3333333333333333,0.3636363636363636,37,2016-11-17 03:57:51.609553
10940984,omega,0.5000176787416625, 0.4999823212583375,phi,0.2802655673221506, 0.44269670964833535, 0.2770377230295141,count precision recall f1 iter,1,0.2,0.3333333333333333,0.25,28,2016-11-17 04:00:01.235807
4713024,omega,0.5027788357382639, 0.4972211642617362,phi,0.40368804439138145, 0.18295838131264802, 0.4133535742959706,count precision recall f1 iter,1,0.2,1.0,0.33333333333333337,25,2016-11-17 04:01:42.376607
55062,omega,0.5, 0.49999999999999994,phi,0.33307400737670595, 0.3341114134064132, 0.33281457921688085,count precision recall f1 iter,2,1.0,0.4,0.5714285714285715,1,2016-11-17 04:01:42.408189
9692779,omega,0.5007401408517572, 0.4992598591482427,phi,0.04320577447780326, 0.9220567658441162, 0.034737459678080604,count precision recall f1 iter,1,0.2,0.25,0.22222222222222224,30,2016-11-17 04:04:15.584738
369247,omega,0.5000115178173994, 0.4999884821826005,phi,0.3230560436729916, 0.3526704975198746, 0.3242734588071338,count precision recall f1 iter,1,0.25,0.16666666666666666,0.2,30,2016-11-17 04:04:15.791789
105378,omega,0.5, 0.49999999999999994,phi,0.3333043892565602, 0.3337305722392068, 0.3329650385042329,count precision recall f1 iter,0,0.0,0.0,0,1,2016-11-17 04:04:15.824876
286972,omega,0.5000709928240664, 0.49992900717593347,phi,0.3666960328775964, 0.2567523168720234, 0.37655165025038023,count precision recall f1 iter,1,0.3333333333333333,1.0,0.5,32,2016-11-17 04:04:15.879040
5228328,omega,0.49752030674980485, 0.5024796932501951,phi,0.3217005012785513, 0.33914974936072434, 0.33914974936072434,count precision recall f1 iter,0,0.0,0.0,0,31,2016-11-17 04:13:19.340535
9997445,omega,0.4994841114870754, 0.5005158885129245,phi,0.3040872144639621, 0.38570298308443796, 0.31020980245159996,count precision recall f1 iter,1,0.2,0.5,0.28571428571428575,30,2016-11-17 04:14:02.377674
1094028,omega,0.49966184000698355, 0.5003381599930165,phi,0.38074715248793795, 0.22659173064523647, 0.39266111686682553,count precision recall f1 iter,0,0.0,0.0,0,32,2016-11-17 04:14:41.557974
10010518,omega,0.5021396998652826, 0.4978603001347174,phi,0.3257794820982174, 0.35579539978834734, 0.3184251181134352,count precision recall f1 iter,0,0.0,0.0,0,14,2016-11-17 04:16:24.733467
9125701,omega,0.4998669960378005, 0.5001330039621996,phi,0.29578020657748005, 0.39530508110477575, 0.3089147123177442,count precision recall f1 iter,0,0.0,0.0,0,30,2016-11-17 04:17:30.099973
3951829,omega,0.49984317710360066, 0.5001568228963994,phi,0.347584824051989, 0.31185197470817316, 0.3405632012398378,count precision recall f1 iter,1,0.2,0.25,0.22222222222222224,22,2016-11-17 04:19:30.264297
646294,omega,0.4995272538376213, 0.5004727461623786,phi,0.26254428435248955, 0.47507583177240625, 0.2623798838751042,count precision recall f1 iter,1,0.2,0.3333333333333333,0.25,32,2016-11-17 04:21:20.540875
9678724,omega,0.4994862452588672, 0.5005137547411327,phi,0.34359720980075265, 0.3199833285373446, 0.33641946166190273,count precision recall f1 iter,1,0.2,0.16666666666666666,0.1818181818181818,22,2016-11-17 04:23:45.917805
1110787,omega,0.4991159232762471, 0.5008840767237528,phi,0.35315103586205987, 0.2919748554871731, 0.354874108650767,count precision recall f1 iter,1,0.2,0.25,0.22222222222222224,26,2016-11-17 04:25:11.944900
9632155,omega,0.4980666585374416, 0.5019333414625585,phi,0.2489179002719593, 0.4796826923896778, 0.271399407338363,count precision recall f1 iter,0,0.0,0.0,0,35,2016-11-17 04:26:08.989851
9274894,omega,0.500091980429387, 0.4999080195706131,phi,0.48436177424678634, 0.02746855343473835, 0.48816967231847525,count precision recall f1 iter,0,0.0,0.0,0,14,2016-11-17 04:27:43.850094
9485675,omega,0.5019707484420357, 0.49802925155796446,phi,0.2666098318227568, 0.46259494898610465, 0.2707952191911385,count precision recall f1 iter,1,0.2,0.25,0.22222222222222224,34,2016-11-17 04:30:12.550488
425828,omega,0.5000089236924322, 0.4999910763075677,phi,0.23603375223972367, 0.53112599046443, 0.23284025729584645,count precision recall f1 iter,1,0.2,0.2,0.20000000000000004,30,2016-11-17 04:30:52.765648
8749,omega,0.5, 0.5,phi,0.333746695493931, 0.3326420176022706, 0.33361128690379843,count precision recall f1 iter,0,0.0,0.0,0,1,2016-11-17 04:30:52.811771
9135998,omega,0.4987779180372971, 0.5012220819627029,phi,0.4051306162333732, 0.1774577696642485, 0.4174116141023782,count precision recall f1 iter,0,0.0,0.0,0,32,2016-11-17 04:31:21.572902
532497,omega,0.5000472810326841, 0.4999527189673158,phi,0.2645854055228241, 0.4719381450068428, 0.26347644947033305,count precision recall f1 iter,0,0.0,0.0,0,29,2016-11-17 04:33:56.825142
10351682,omega,0.49988114523847177, 0.5001188547615282,phi,0.346160559125306, 0.3064217370170651, 0.3474177038576288,count precision recall f1 iter,0,0.0,0.0,0,25,2016-11-17 04:35:27.967233
11539451,omega,0.5000514462999265, 0.4999485537000736,phi,0.3454336449880372, 0.31176148153529043, 0.3428048734766724,count precision recall f1 iter,1,0.2,0.3333333333333333,0.25,23,2016-11-17 04:36:11.654979
3858841,omega,0.5, 0.49999999999999994,phi,0.3338915628812717, 0.3313064913889405, 0.33480194572978766,count precision recall f1 iter,0,0.0,0.0,0,1,2016-11-17 04:36:29.000643
11213575,omega,0.5021988254244972, 0.4978011745755028,phi,0.3376186941666303, 0.31815962279563914, 0.34422168303773054,count precision recall f1 iter,1,0.2,0.3333333333333333,0.25,27,2016-11-17 04:37:13.398791
13502551,omega,0.4993092169116402, 0.5006907830883598,phi,0.3412599386922908, 0.31911439869087993, 0.33962566261682925,count precision recall f1 iter,2,0.4,0.4,0.4000000000000001,27,2016-11-17 04:39:59.538816
510141,omega,0.500011917517887, 0.499988082482113,phi,0.3542871984315424, 0.3728447401948399, 0.2728680613736177,count precision recall f1 iter,0,0.0,0.0,0,47,2016-11-17 04:39:59.745867
9050379,omega,0.5002753668221921, 0.49972463317780796,phi,0.28675758384878314, 0.4402355581843103, 0.27300685796690655,count precision recall f1 iter,1,0.2,0.5,0.28571428571428575,22,2016-11-17 04:44:20.429111
10224533,omega,0.5002148739640597, 0.4997851260359402,phi,0.28587960764079523, 0.42974060224715044, 0.28437979011205444,count precision recall f1 iter,1,0.2,0.5,0.28571428571428575,24,2016-11-17 04:45:53.086295
433612,omega,0.499430183378425, 0.500569816621575,phi,0.37395033134731925, 0.2455654496761657, 0.380484218976515,count precision recall f1 iter,0,0.0,0.0,0,22,2016-11-17 04:48:45.658974
231724,omega,0.5004378999853782, 0.4995621000146219,phi,0.4961267240873466, 0.0037098242258290577, 0.5001634516868244,count precision recall f1 iter,1,0.2,0.2,0.20000000000000004,11,2016-11-17 04:49:01.198846
147245,omega,0.5008482574098125, 0.4991517425901875,phi,0.021293009238884584, 0.96112021617765, 0.01758677458346544,count precision recall f1 iter,0,0.0,0.0,0,28,2016-11-17 04:51:00.163329
4916705,omega,0.5000537291623466, 0.4999462708376535,phi,0.34336064766259444, 0.314845189263831, 0.3417941630735746,count precision recall f1 iter,1,0.2,0.25,0.22222222222222224,36,2016-11-17 04:52:02.671796
11270958,omega,0.5000266953226432, 0.49997330467735673,phi,0.3548479275266269, 0.29044605898309267, 0.3547060134902805,count precision recall f1 iter,1,0.2,0.3333333333333333,0.25,16,2016-11-17 04:53:19.053558
7833205,omega,0.4988276072902208, 0.5011723927097791,phi,0.32748076287076344, 0.34550270670060207, 0.3270165304286345,count precision recall f1 iter,1,0.2,0.2,0.20000000000000004,31,2016-11-17 04:55:28.902284
938622,omega,0.5001358625301022, 0.49986413746989794,phi,0.37463322878464966, 0.24704227115041985, 0.3783245000649305,count precision recall f1 iter,0,0.0,0.0,0,32,2016-11-17 04:57:11.810796
9972873,omega,0.501060939099002, 0.49893906090099804,phi,0.34977214524253564, 0.29661118848599727, 0.35361666627146704,count precision recall f1 iter,1,0.2,0.5,0.28571428571428575,22,2016-11-17 04:58:08.691198
565512,omega,0.5000225976020201, 0.49997740239798,phi,0.34109865019619684, 0.31587150372246453, 0.34302984608133874,count precision recall f1 iter,1,0.2,0.25,0.22222222222222224,32,2016-11-17 04:58:40.221620
4609403,omega,0.5001103250307671, 0.4998896749692328,phi,0.3402922978792829, 0.32135317846831746, 0.3383545236523996,count precision recall f1 iter,1,0.2,0.5,0.28571428571428575,28,2016-11-17 05:00:28.270789
13222302,omega,0.49989983878738914, 0.5001001612126108,phi,0.33492421156825103, 0.33263156973117314, 0.3324442187005757,count precision recall f1 iter,0,0.0,0.0,0,22,2016-11-17 05:03:35.029376
7176671,omega,0.5009302596370951, 0.49906974036290475,phi,0.1954359360706883, 0.6169000248447198, 0.18766403908459198,count precision recall f1 iter,1,0.2,0.25,0.22222222222222224,29,2016-11-17 05:04:37.543410
1342241,omega,0.499650835465156, 0.500349164534844,phi,0.37239536290478714, 0.2583375515888072, 0.3692670855064056,count precision recall f1 iter,1,0.2,0.25,0.22222222222222224,26,2016-11-17 05:05:28.100781
10017791,omega,0.5013596748235684, 0.4986403251764317,phi,0.33237407053247664, 0.3347447934907959, 0.33288113597672747,count precision recall f1 iter,1,0.2,0.3333333333333333,0.25,24,2016-11-17 05:07:09.972985
252243,omega,0.5010254189783316, 0.49897458102166836,phi,0.0922364147774134, 0.824339294314318, 0.08342429090826858,count precision recall f1 iter,0,0.0,0.0,0,16,2016-11-17 05:07:36.735193
1364573,omega,0.5011835041192841, 0.4988164958807159,phi,0.27420651148832587, 0.4743827673088916, 0.25141072120278246,count precision recall f1 iter,1,0.2,0.16666666666666666,0.1818181818181818,24,2016-11-17 05:08:58.559504
10489135,omega,0.49987596818432317, 0.500124031815677,phi,0.3347930643383894, 0.32693583798431247, 0.338271097677298,count precision recall f1 iter,1,0.2,0.25,0.22222222222222224,30,2016-11-17 05:10:06.969150
11536257,omega,0.500608810686534, 0.49939118931346604,phi,0.3806919463801112, 0.24491938178009837, 0.37438867183979035,count precision recall f1 iter,1,0.2,0.3333333333333333,0.25,26,2016-11-17 05:12:14.845055
3950072,omega,0.4987966056787045, 0.5012033943212956,phi,0.3538307178589337, 0.2934122177538576, 0.3527570643872087,count precision recall f1 iter,0,0.0,0.0,0,34,2016-11-17 05:15:36.095224
4511305,omega,0.5000970242254584, 0.4999029757745415,phi,0.28995234744103987, 0.42073915913932014, 0.2893084934196401,count precision recall f1 iter,0,0.0,0.0,0,26,2016-11-17 05:16:35.539444
10843923,omega,0.5005115249284022, 0.49948847507159777,phi,0.30847897357939386, 0.38680046660517753, 0.30472055981542867,count precision recall f1 iter,1,0.2,0.25,0.22222222222222224,30,2016-11-17 05:17:47.614743
3920459,omega,0.4980285726317077, 0.5019714273682923,phi,0.3293663147897856, 0.34436529274771416, 0.3262683924625002,count precision recall f1 iter,1,0.2,0.25,0.22222222222222224,42,2016-11-17 05:18:13.724846
9412373,omega,0.5001310920422162, 0.4998689079577837,phi,0.33916399271258474, 0.3234060456157746, 0.33742996167164063,count precision recall f1 iter,0,0.0,0.0,0,36,2016-11-17 05:19:16.194658
10843921,omega,0.4987345305311091, 0.501265469468891,phi,0.29222116876180976, 0.418989093725864, 0.28878973751232623,count precision recall f1 iter,0,0.0,0.0,0,31,2016-11-17 05:21:08.197322
379299,omega,0.5017613113335039, 0.4982386886664962,phi,0.37290748353534414, 0.2516053679708031, 0.37548714849385273,count precision recall f1 iter,1,0.2,0.3333333333333333,0.25,22,2016-11-17 05:22:05.140364
774603,omega,0.5007921193678683, 0.4992078806321317,phi,0.3366002608011212, 0.3080303649611796, 0.3553693742376992,count precision recall f1 iter,2,0.4,0.4,0.4000000000000001,18,2016-11-17 05:24:19.821979
10837032,omega,0.4982957457242866, 0.5017042542757134,phi,0.33512264044942425, 0.32860019294626647, 0.3362771666043091,count precision recall f1 iter,1,0.2,0.25,0.22222222222222224,34,2016-11-17 05:27:33.560197
1473866,omega,0.5010707178361217, 0.49892928216387833,phi,0.2792149113536882, 0.4457430295449724, 0.2750420591013393,count precision recall f1 iter,0,0.0,0.0,0,22,2016-11-17 05:28:45.686711
9663908,omega,0.5002651546767137, 0.49973484532328627,phi,0.3420066073134649, 0.31565735409739654, 0.3423360385891387,count precision recall f1 iter,0,0.0,0.0,0,22,2016-11-17 05:30:25.027640
5097759,omega,0.4995782032674626, 0.5004217967325374,phi,0.33762885019603334, 0.320910096460564, 0.3414610533434027,count precision recall f1 iter,0,0.0,0.0,0,25,2016-11-17 05:34:11.767307
3816158,omega,0.5002339584891724, 0.4997660415108276,phi,0.21372867563492393, 0.5839212039310852, 0.20235012043399092,count precision recall f1 iter,1,0.2,0.5,0.28571428571428575,25,2016-11-17 05:35:32.629140
3788999,omega,0.500361060541632, 0.49963893945836807,phi,0.2861420881144353, 0.43707449634364154, 0.2767834155419231,count precision recall f1 iter,0,0.0,0.0,0,38,2016-11-17 05:37:34.344228
10655059,omega,0.5, 0.5,phi,0.3379453412954501, 0.3236158517504998, 0.3384388069540502,count precision recall f1 iter,0,0.0,0.0,0,1,2016-11-17 05:37:37.461585
3961369,omega,0.49984214368013274, 0.5001578563198672,phi,0.1674861539763866, 0.6770117430749967, 0.15550210294861677,count precision recall f1 iter,1,0.2,0.25,0.22222222222222224,33,2016-11-17 05:38:56.730211
9167777,omega,0.5019216107864586, 0.49807838921354136,phi,0.335765626955872, 0.32551188020621963, 0.33872249283790845,count precision recall f1 iter,1,0.2,0.3333333333333333,0.25,25,2016-11-17 05:40:13.848579
9611024,omega,0.49840376322542557, 0.5015962367745744,phi,0.2545487930595681, 0.48803583610002266, 0.2574153708404093,count precision recall f1 iter,0,0.0,0.0,0,35,2016-11-17 05:46:43.896135
10285045,omega,0.5005723288943318, 0.4994276711056683,phi,0.33950280936548993, 0.32359381480608984, 0.33690337582842034,count precision recall f1 iter,1,0.2,0.3333333333333333,0.25,15,2016-11-17 05:47:40.613776
1049322,omega,0.5007703741813494, 0.4992296258186506,phi,0.310472860383499, 0.37823713442517626, 0.3112900051913248,count precision recall f1 iter,0,0.0,0.0,0,26,2016-11-17 05:47:55.467298
10597102,omega,0.5015947611857752, 0.4984052388142249,phi,0.30182340765889587, 0.3949955571942258, 0.30318103514687844,count precision recall f1 iter,0,0.0,0.0,0,21,2016-11-17 05:49:30.289910
14058457,omega,0.49996937665599256, 0.5000306233440075,phi,0.2914602922055383, 0.4178557412455214, 0.29068396654894024,count precision recall f1 iter,1,0.2,0.25,0.22222222222222224,35,2016-11-17 05:51:35.830581
558466,omega,0.5000011384374313, 0.4999988615625687,phi,0.4091226274910701, 0.1781291465654129, 0.4127482259435171,count precision recall f1 iter,0,0.0,0.0,0,38,2016-11-17 05:51:36.164970
2341962,omega,0.5012219316405483, 0.4987780683594517,phi,0.33460795275312677, 0.3559436725191879, 0.3094483747276854,count precision recall f1 iter,1,0.2,0.2,0.20000000000000004,18,2016-11-17 05:52:42.277055
3869373,omega,0.497172769903985, 0.5028272300960149,phi,0.3487802007012532, 0.30536712155654966, 0.34585267774219713,count precision recall f1 iter,0,0.0,0.0,0,36,2016-11-17 05:57:38.106302
878023,omega,0.5000898133199401, 0.49991018668006004,phi,0.2718032126172577, 0.45527652955875036, 0.27292025782399193,count precision recall f1 iter,0,0.0,0.0,0,31,2016-11-17 05:57:38.246676
10078748,omega,0.5009723345411843, 0.4990276654588157,phi,0.4545532097105052, 0.08282677162770012, 0.4626200186617947,count precision recall f1 iter,0,0.0,0.0,0,29,2016-11-17 05:59:02.472838
9942600,omega,0.5026185241822421, 0.497381475817758,phi,0.24307384238941535, 0.5141519779277225, 0.24277417968286216,count precision recall f1 iter,0,0.0,0.0,0,28,2016-11-17 05:59:45.147899
275061,omega,0.5004728343334308, 0.49952716566656924,phi,0.07934042691285371, 0.8457471251168533, 0.07491244797029292,count precision recall f1 iter,1,0.2,0.16666666666666666,0.1818181818181818,17,2016-11-17 06:00:10.083418
3908215,omega,0.49966396562179627, 0.5003360343782038,phi,0.24006587742742272, 0.5245309504078794, 0.23540317216469775,count precision recall f1 iter,1,0.2,0.3333333333333333,0.25,30,2016-11-17 06:02:58.983671
5446340,omega,0.5027107709719624, 0.4972892290280377,phi,0.313718993276422, 0.3899016377810757, 0.29637936894250233,count precision recall f1 iter,1,0.2,0.16666666666666666,0.1818181818181818,34,2016-11-17 06:04:31.631400
13066434,omega,0.50083242295401, 0.49916757704599,phi,0.3189095184172505, 0.3585615584394249, 0.32252892314332465,count precision recall f1 iter,1,0.2,0.5,0.28571428571428575,25,2016-11-17 06:05:57.347984
13035191,omega,0.5019723005199774, 0.49802769948002257,phi,0.3038295502307481, 0.3936614457286344, 0.30250900404061754,count precision recall f1 iter,0,0.0,0.0,0,38,2016-11-17 06:08:36.694506
4700797,omega,0.4999364840914907, 0.5000635159085093,phi,0.3346725114441493, 0.33011538678599806, 0.3352121017698526,count precision recall f1 iter,1,0.2,0.3333333333333333,0.25,40,2016-11-17 06:09:06.841723
720941,omega,0.49991660883393263, 0.5000833911660674,phi,0.49629368586478073, 0.004828542657398538, 0.4988777714778207,count precision recall f1 iter,0,0.0,0.0,0,16,2016-11-17 06:09:26.675075
5014927,omega,0.5008928229340338, 0.4991071770659661,phi,0.39659652413899443, 0.19543894318005367, 0.407964532680952,count precision recall f1 iter,0,0.0,0.0,0,28,2016-11-17 06:10:30.616788
239095,omega,0.5004026692811774, 0.4995973307188226,phi,0.05357491489354862, 0.895907036963554, 0.050518048142897364,count precision recall f1 iter,1,0.2,0.3333333333333333,0.25,35,2016-11-17 06:12:11.399140
3852549,omega,0.49992000706625983, 0.5000799929337402,phi,0.328936200491334, 0.333515201483661, 0.33754859802500503,count precision recall f1 iter,0,0.0,0.0,0,32,2016-11-17 06:13:24.590810
4100505,omega,0.49968496393156375, 0.5003150360684363,phi,0.2898327843398398, 0.42375586107367874, 0.2864113545864814,count precision recall f1 iter,1,0.2,0.16666666666666666,0.1818181818181818,33,2016-11-17 06:14:54.608252
6259100,omega,0.500594394588903, 0.499405605411097,phi,0.3325097649842255, 0.3338455930788668, 0.33364464193690774,count precision recall f1 iter,0,0.0,0.0,0,24,2016-11-17 06:15:45.925372
11804378,omega,0.5015508962469718, 0.49844910375302826,phi,0.33663552215979103, 0.3257761879071264, 0.3375882899330826,count precision recall f1 iter,1,0.2,0.3333333333333333,0.25,15,2016-11-17 06:17:59.608824
4818705,omega,0.5001301939886649, 0.4998698060113352,phi,0.27893609915981504, 0.45644438835258444, 0.2646195124876005,count precision recall f1 iter,1,0.2,0.25,0.22222222222222224,30,2016-11-17 06:18:42.818481
120497,omega,0.49933176752512193, 0.500668232474878,phi,0.40894530811180735, 0.17866016379294952, 0.4123945280952431,count precision recall f1 iter,2,0.4,0.2857142857142857,0.3333333333333333,37,2016-11-17 06:21:27.772572
3792033,omega,0.5012421307255195, 0.4987578692744805,phi,0.36893921450426315, 0.26248191763900636, 0.36857886785673055,count precision recall f1 iter,1,0.2,0.1,0.13333333333333333,29,2016-11-17 06:28:25.088206
10181044,omega,0.49928208774955857, 0.5007179122504414,phi,0.33748730784721953, 0.3208915798708528, 0.34162111228192776,count precision recall f1 iter,1,0.2,0.25,0.22222222222222224,26,2016-11-17 06:30:16.589606
1522729,omega,0.5, 0.5,phi,0.3334876880282927, 0.33298064250841114, 0.33353166946329604,count precision recall f1 iter,0,0.0,0.0,0,1,2016-11-17 06:30:16.624700
9757313,omega,0.5007931673559999, 0.4992068326440002,phi,0.2535359961211773, 0.49887732050105477, 0.2475866833777679,count precision recall f1 iter,1,0.2,0.25,0.22222222222222224,31,2016-11-17 06:30:48.682155
9944671,omega,0.5004263671899845, 0.49957363281001543,phi,0.3387461397983909, 0.31056264094929914, 0.35069121925231,count precision recall f1 iter,1,0.2,0.2,0.20000000000000004,27,2016-11-17 06:31:58.810403
13808584,omega,0.49973687785886733, 0.5002631221411327,phi,0.3493357282492856, 0.30232207663640337, 0.34834219511431097,count precision recall f1 iter,1,0.2,0.3333333333333333,0.25,34,2016-11-17 06:33:07.868041
4886672,omega,0.4993921550114856, 0.5006078449885145,phi,0.4141834185987024, 0.17237994979753266, 0.4134366316037651,count precision recall f1 iter,0,0.0,0.0,0,31,2016-11-17 06:33:58.800646
11394822,omega,0.4999347701128267, 0.5000652298871734,phi,0.32544970711002774, 0.3623060535820479, 0.31224423930792433,count precision recall f1 iter,0,0.0,0.0,0,36,2016-11-17 06:34:51.528582
1071109,omega,0.5015905983559656, 0.49840940164403424,phi,0.23879745162932675, 0.5276686823874345, 0.23353386598323875,count precision recall f1 iter,1,0.2,0.3333333333333333,0.25,24,2016-11-17 06:35:17.608508
435078,omega,0.5012185163970719, 0.49878148360292796,phi,0.2905201646418013, 0.42201461103046384, 0.28746522432773486,count precision recall f1 iter,0,0.0,0.0,0,27,2016-11-17 06:35:38.150761
4697802,omega,0.5009173627132127, 0.4990826372867872,phi,0.30487163363909914, 0.39860814380361925, 0.29652022255728167,count precision recall f1 iter,0,0.0,0.0,0,35,2016-11-17 06:40:32.318941
15380,omega,0.5005785913309557, 0.4994214086690443,phi,0.3540265709617752, 0.28895282916059534, 0.35702059987762946,count precision recall f1 iter,1,0.2,0.3333333333333333,0.25,34,2016-11-17 06:42:39.437121
9194903,omega,0.4996241690017109, 0.5003758309982891,phi,0.3013478355402764, 0.39710807632140854, 0.30154408813831507,count precision recall f1 iter,0,0.0,0.0,0,30,2016-11-17 06:43:29.193468
10038011,omega,0.49989391635237923, 0.5001060836476208,phi,0.35170027794237285, 0.2989025904662154, 0.34939713159141156,count precision recall f1 iter,1,0.2,0.3333333333333333,0.25,27,2016-11-17 06:44:00.612807
9284044,omega,0.500552107314591, 0.49944789268540907,phi,0.3565048445082669, 0.2833552223665433, 0.36013993312518977,count precision recall f1 iter,1,0.2,0.5,0.28571428571428575,28,2016-11-17 06:44:50.536542
4469535,omega,0.5000460092382578, 0.4999539907617422,phi,0.3660367501071481, 0.26117723305430407, 0.3727860168385479,count precision recall f1 iter,0,0.0,0.0,0,30,2016-11-17 06:48:25.641065
10095848,omega,0.5009986187132246, 0.49900138128677535,phi,0.37888074878843886, 0.22747592367224823, 0.3936433275393128,count precision recall f1 iter,1,0.2,0.3333333333333333,0.25,28,2016-11-17 06:49:47.120784
1288009,omega,0.4984692718319892, 0.5015307281680108,phi,0.3472423162871062, 0.3165697248828267, 0.3361879588300672,count precision recall f1 iter,0,0.0,0.0,0,34,2016-11-17 06:51:14.261432
60813,omega,0.5019388412022362, 0.49806115879776375,phi,0.03996132799784698, 0.921501793864656, 0.038536878137496906,count precision recall f1 iter,0,0.0,0.0,0,22,2016-11-17 06:52:33.527873
1094423,omega,0.5004819498058426, 0.4995180501941575,phi,0.21581686884371393, 0.5781443958006032, 0.20603873535568298,count precision recall f1 iter,1,0.2,0.25,0.22222222222222224,31,2016-11-17 06:53:21.094426
5143105,omega,0.5011980873498167, 0.49880191265018325,phi,0.3302161541455415, 0.34431592451323445, 0.32546792134122415,count precision recall f1 iter,1,0.2,0.25,0.22222222222222224,18,2016-11-17 06:54:17.186575
4398213,omega,0.4996021141299447, 0.5003978858700552,phi,0.3475986831773983, 0.3043258734267479, 0.3480754433958538,count precision recall f1 iter,1,0.2,0.25,0.22222222222222224,31,2016-11-17 06:55:51.417616
10508839,omega,0.49919882134148913, 0.5008011786585109,phi,0.3419027632229802, 0.3204219458637865, 0.3376752909132334,count precision recall f1 iter,2,0.4,0.5,0.4444444444444445,33,2016-11-17 06:57:11.329172
5329968,omega,0.499909458378849, 0.500090541621151,phi,0.3325712138601993, 0.2972497696726339, 0.3701790164671668,count precision recall f1 iter,1,0.2,0.25,0.22222222222222224,29,2016-11-17 06:57:53.456103
9101741,omega,0.5008705822275435, 0.4991294177724564,phi,0.25940666754624164, 0.4939328788533957, 0.24666045360036262,count precision recall f1 iter,1,0.2,0.25,0.22222222222222224,28,2016-11-17 06:58:50.016518
464109,omega,0.49999045920920826, 0.5000095407907917,phi,0.4786578238521439, 0.021554774492272676, 0.49978740165558333,count precision recall f1 iter,1,0.3333333333333333,0.25,0.28571428571428575,8,2016-11-17 06:58:50.083695
4046,omega,0.5, 0.5,phi,0.34367306580027124, 0.31243931714366, 0.34388761705606874,count precision recall f1 iter,0,0.0,0.0,0,1,2016-11-17 06:58:54.459519
5005014,omega,0.4990783553241247, 0.5009216446758753,phi,0.33859807201826825, 0.32567340987716686, 0.3357285181045649,count precision recall f1 iter,1,0.2,0.25,0.22222222222222224,25,2016-11-17 07:05:58.346650
4056131,omega,0.4995289555966224, 0.5004710444033776,phi,0.33216808889954025, 0.3339159555502299, 0.3339159555502299,count precision recall f1 iter,0,0.0,0.0,0,21,2016-11-17 07:07:27.735468
852338,omega,0.5007830848744844, 0.4992169151255156,phi,0.31922109054544806, 0.35979874659955075, 0.32098016285500125,count precision recall f1 iter,1,0.2,0.1,0.13333333333333333,19,2016-11-17 07:08:09.735279
11142969,omega,0.501407514273609, 0.49859248572639103,phi,0.48465721551101, 0.013600757982688255, 0.5017420265063018,count precision recall f1 iter,1,0.2,0.3333333333333333,0.25,19,2016-11-17 07:09:33.435032
10757352,omega,0.5010375566506121, 0.49896244334938794,phi,0.34949080959597906, 0.29164359205609386, 0.358865598347927,count precision recall f1 iter,1,0.2,0.25,0.22222222222222224,25,2016-11-17 07:11:08.745784
9617212,omega,0.5013673872071288, 0.49863261279287124,phi,0.25863550027256743, 0.4877589103709446, 0.2536055893564879,count precision recall f1 iter,1,0.2,0.3333333333333333,0.25,24,2016-11-17 07:12:04.689526
9336615,omega,0.5004569848097528, 0.49954301519024735,phi,0.24289105010986092, 0.519403695079881, 0.23770525481025803,count precision recall f1 iter,1,0.2,0.3333333333333333,0.25,16,2016-11-17 07:13:28.153148
1092205,omega,0.49942634156377286, 0.500573658436227,phi,0.33838608627134314, 0.32370526165097735, 0.33790865207767945,count precision recall f1 iter,1,0.2,0.5,0.28571428571428575,36,2016-11-17 07:13:49.401999
10346388,omega,0.49969137914639544, 0.5003086208536046,phi,0.34580809882270036, 0.3254251864471331, 0.32876671473016655,count precision recall f1 iter,1,0.2,0.25,0.22222222222222224,25,2016-11-17 07:14:31.675972
280213,omega,0.5000765161247112, 0.4999234838752888,phi,0.40934811703969237, 0.21523858891862965, 0.37541329404167806,count precision recall f1 iter,0,0.0,0.0,0,37,2016-11-17 07:14:32.323299
9942032,omega,0.499923984243625, 0.5000760157563751,phi,0.1456912262349041, 0.7111215182689362, 0.14318725549615968,count precision recall f1 iter,1,0.2,0.25,0.22222222222222224,36,2016-11-17 07:16:40.112711
4031511,omega,0.49989353720115803, 0.5001064627988421,phi,0.2679341133960313, 0.4658471078221307, 0.26621877878183803,count precision recall f1 iter,0,0.0,0.0,0,21,2016-11-17 07:17:52.203860
3769919,omega,0.5000011381859321, 0.4999988618140679,phi,0.4936658492716737, 0.008526505345603872, 0.4978076453827225,count precision recall f1 iter,1,0.2,0.3333333333333333,0.25,5,2016-11-17 07:18:27.451572
9521135,omega,0.502427995232572, 0.49757200476742813,phi,0.30312556309400457, 0.39947127298961416, 0.2974031639163812,count precision recall f1 iter,1,0.2,0.25,0.22222222222222224,25,2016-11-17 07:20:40.338293
9403280,omega,0.5004881262419605, 0.49951187375803946,phi,0.32539999322585095, 0.3504073125587581, 0.324192694215391,count precision recall f1 iter,1,0.2,0.3333333333333333,0.25,11,2016-11-17 07:21:51.532284
125023,omega,0.5000512448233531, 0.4999487551766469,phi,0.12002649503607292, 0.7726879978932956, 0.10728550707063148,count precision recall f1 iter,0,0.0,0.0,0,14,2016-11-17 07:21:51.587927
3568707,omega,0.5008373382639317, 0.49916266173606827,phi,0.30252764775384766, 0.4127952746868361, 0.28467707755931626,count precision recall f1 iter,1,0.2,0.3333333333333333,0.25,30,2016-11-17 07:22:00.970294
524910,omega,0.4997249175195321, 0.5002750824804678,phi,0.3516889039625176, 0.2963580861964553, 0.35195300984102684,count precision recall f1 iter,0,0.0,0.0,0,28,2016-11-17 07:22:47.180847
1009607,omega,0.49933118752880945, 0.5006688124711905,phi,0.19898343967213575, 0.6049595587920816, 0.19605700153578262,count precision recall f1 iter,1,0.2,0.3333333333333333,0.25,30,2016-11-17 07:24:33.360458
1186368,omega,0.5000018366956726, 0.4999981633043275,phi,0.3424183297926484, 0.31362807170459545, 0.3439535985027561,count precision recall f1 iter,1,0.2,0.3333333333333333,0.25,29,2016-11-17 07:26:34.603548
813130,omega,0.5000012155239112, 0.49999878447608875,phi,0.19399987164376647, 0.630687595857086, 0.17531253249914755,count precision recall f1 iter,0,0.0,0.0,0,39,2016-11-17 07:26:34.755444
